sep=;
Date;Bid;Ask;Opening price;High price;Low price;Closing price;Average price;Total volume;Turnover;Trades;
2017-12-29;1,308;1,338;1,338;1,361;1,30;1,308;1,325;451519,9527471695;598462,9;231;
2017-12-28;1,346;1,353;1,308;1,421;1,24;1,346;1,299;861826,7103542499;1119898,93;308;
2017-12-27;1,315;1,338;1,391;1,391;1,203;1,315;1,294;1131081,3741101848;1463457,32;491;
2017-12-22;1,391;1,421;1,436;1,503;1,376;1,413;1,434;497873,48959227145;714151,27;295;
2017-12-21;1,406;1,443;1,315;1,759;1,278;1,443;1,548;1391992,2948087072;2154597,83;683;
2017-12-20;1,30;1,346;1,533;1,579;1,278;1,315;1,462;1136913,4802268454;1662596,65;400;
2017-12-19;1,511;1,533;1,533;1,571;1,503;1,533;1,531;690689,5161773099;1057557,97;263;
2017-12-18;1,556;1,571;1,533;1,594;1,533;1,556;1,555;309206,719160943;480755,77;270;
2017-12-15;1,579;1,609;1,601;1,646;1,556;1,609;1,582;425266,16300896235;672698,02;234;
2017-12-14;1,601;1,639;1,616;1,646;1,571;1,601;1,605;238270,26969499842;382316,63;218;
2017-12-13;1,624;1,646;1,729;1,736;1,549;1,646;1,625;421257,92036993434;684637,36;312;
2017-12-12;1,579;1,616;1,579;1,729;1,518;1,729;1,60;548666,291517505;877862,7;383;
2017-12-11;1,556;1,579;1,721;1,759;1,533;1,556;1,579;1113531,8431131527;1758453,68;520;
2017-12-08;1,669;1,714;1,984;1,992;1,526;1,721;1,704;3522389,886404302;6002975,3;1399;
2017-12-07;2,368;2,39;2,345;2,39;2,285;2,368;2,318;219813,46306576685;509622,47;174;
2017-12-06;2,315;2,345;2,398;2,398;2,285;2,345;2,331;339958,3078910365;792448,53;190;
2017-12-05;2,375;2,398;2,405;2,405;2,293;2,398;2,351;422487,1325167853;993085,17;289;
2017-12-04;2,368;2,405;2,496;2,556;2,263;2,405;2,40;1414275,0907608212;3394062,81;796;
2017-12-01;2,39;2,481;4,886;4,999;2,353;2,436;2,655;4947318,149104498;13137105,28;2285;
2017-11-30;4,698;4,811;4,886;4,886;4,698;4,811;4,768;83521,24049322803;398207,9;79;
2017-11-29;4,736;4,811;4,886;4,886;4,736;4,811;4,844;95076,36680009738;460550,3;91;
2017-11-28;4,848;4,961;5,036;5,036;4,848;4,886;4,93;109228,27028299817;538492,25;113;
2017-11-27;4,886;4,924;4,773;4,999;4,773;4,961;4,885;149825,5290334854;731917,2;169;
2017-11-24;4,698;4,736;4,924;5,112;4,661;4,736;4,879;146213,72061497858;713443,5;148;
2017-11-23;4,961;5,036;5,187;5,187;4,924;5,036;4,993;70409,64426015131;351524,65;83;
2017-11-22;5,112;5,149;5,187;5,262;5,112;5,149;5,21;104862,17259256007;546386,1;106;
2017-11-21;5,112;5,149;4,961;5,187;4,961;5,149;5,10;156986,62101021552;800567,35;149;
2017-11-20;4,924;4,961;4,886;4,961;4,773;4,961;4,899;90347,09279354424;442611,15;91;
2017-11-17;4,811;4,886;4,886;4,924;4,736;4,811;4,815;39830,99663296976;191805,75;58;
2017-11-16;4,811;4,886;4,848;4,924;4,773;4,811;4,874;80848,6352951506;394089;79;
2017-11-15;4,736;4,848;4,661;4,848;4,623;4,848;4,743;112875,99723826362;535399,3;121;
2017-11-14;4,623;4,661;4,811;4,811;4,548;4,661;4,63;119470,37452391311;553136,05;104;
2017-11-13;4,698;4,811;4,811;4,924;4,661;4,811;4,753;129324,02644136433;614622,5;88;
2017-11-10;4,924;4,961;4,886;4,961;4,698;4,924;4,894;160547,877414025;785724,65;136;
2017-11-09;4,811;4,848;4,924;4,961;4,773;4,811;4,866;124761,04195684189;607057,65;100;
2017-11-08;4,886;4,924;4,924;4,924;4,773;4,924;4,85;54602,827454000995;264814,95;65;
2017-11-07;4,924;4,961;4,924;4,961;4,773;4,924;4,871;113454,68477493046;552676,3;137;
2017-11-06;4,886;4,961;5,036;5,112;4,811;4,961;4,982;123659,54016291053;616030,35;131;
2017-11-03;5,036;5,074;5,112;5,149;4,961;5,074;5,088;77771,6139794945;395731,65;90;
2017-11-02;4,961;5,074;4,961;5,112;4,811;5,112;4,963;217655,69022789647;1080118,6;168;
2017-11-01;4,848;4,886;4,999;5,036;4,811;4,886;4,903;157333,83353221562;771371,1;175;
2017-10-31;4,886;5,036;4,623;5,074;4,623;5,074;4,904;449575,03049749834;2204565,5;394;
2017-10-30;4,623;4,698;4,999;4,999;4,548;4,623;4,707;542557,4796361852;2553650,45;398;
2017-10-27;5,074;5,149;5,187;5,224;5,036;5,149;5,095;131737,21998507387;671165,4;140;
2017-10-26;5,074;5,187;5,187;5,224;4,999;5,187;5,12;88158,72268362021;451390,95;127;
2017-10-25;5,149;5,187;5,224;5,262;4,999;5,149;5,138;187754,17353442393;964645,6;224;
2017-10-24;5,149;5,187;4,961;5,262;4,924;5,187;5,087;298502,99520687083;1518469,7;302;
2017-10-23;4,811;4,886;5,074;5,074;4,773;4,811;4,926;140364,32038802662;691405,35;170;
2017-10-20;5,036;5,112;5,337;5,337;4,961;5,074;5,107;428236,7590305188;2186975,75;366;
2017-10-19;5,187;5,262;4,886;5,563;4,698;5,337;5,214;1162071,0894358263;6058654,3;837;
2017-10-18;4,736;4,773;4,585;4,886;4,585;4,773;4,728;279902,51443060475;1323315,4;306;
2017-10-17;4,51;4,585;4,661;4,661;4,473;4,585;4,578;258364,69553718835;1182732,7;170;
2017-10-16;4,623;4,661;4,51;4,661;4,36;4,661;4,49;254502,78767754734;1142600,7;156;
2017-10-13;4,473;4,51;4,51;4,548;4,435;4,51;4,493;60806,091783834265;273222,85;82;
2017-10-12;4,473;4,51;4,473;4,585;4,473;4,51;4,508;131008,20672049127;590529,55;149;
2017-10-11;4,473;4,51;4,548;4,585;4,473;4,51;4,522;100594,51829916416;454879,2;122;
2017-10-10;4,51;4,548;4,773;4,773;4,51;4,548;4,611;139293,41586614892;642301,8;159;
2017-10-09;4,623;4,661;4,51;4,736;4,473;4,661;4,606;243024,81970890023;1119331,25;241;
2017-10-06;4,51;4,548;4,51;4,773;4,435;4,51;4,562;256983,8273462454;1172478,8;284;
2017-10-05;4,473;4,585;4,435;4,585;4,247;4,51;4,369;332444,6821276013;1452437,3;304;
2017-10-04;4,435;4,473;4,51;4,585;4,172;4,435;4,379;904689,4975528835;3961342,15;657;
2017-10-03;4,623;4,736;5,262;5,337;4,585;4,698;4,869;818375,9234057158;3984484,5;689;
2017-10-02;5,149;5,187;4,999;5,224;4,585;5,187;4,952;865250,9441919061;4284903,55;797;
2017-09-29;4,961;4,999;5,638;6,202;4,473;4,999;5,637;2799867,234445611;15781597,35;2114;
2017-09-28;5,487;5,525;4,886;5,563;4,886;5,525;5,29;1763396,6164738375;9327652,75;1400;
2017-09-27;4,773;4,811;4,322;5,60;4,21;4,811;4,751;1117975,099141813;5311078,7;885;
2017-09-26;4,134;4,21;4,022;4,21;4,022;4,21;4,13;153267,05698143278;633007,6;115;
2017-09-25;4,022;4,097;4,059;4,134;4,022;4,022;4,092;281043,9257098235;1150012,75;212;
2017-09-22;3,984;4,022;3,759;4,059;3,759;4,022;3,938;273546,26374050323;1077112,15;185;
2017-09-21;3,796;3,834;3,834;3,909;3,759;3,796;3,823;78333,00740587016;299433,75;101;
2017-09-20;3,796;3,871;3,834;3,871;3,759;3,759;3,811;88416,80402181187;336917,25;59;
2017-09-19;3,759;3,834;3,871;3,946;3,759;3,834;3,84;107053,2033348366;411096,6;112;
2017-09-18;3,871;3,946;3,984;4,059;3,834;3,871;3,915;135555,22741089875;530647,3;151;
2017-09-15;3,984;4,022;3,984;4,022;3,796;3,984;3,955;377176,5635538599;1491906,75;155;
2017-09-14;3,796;3,871;3,834;3,984;3,691;3,871;3,864;325682,68500374484;1258416,51;199;
2017-09-13;3,721;3,796;3,713;3,759;3,571;3,759;3,729;223411,96832251124;833183,63;99;
2017-09-12;3,683;3,713;3,683;3,721;3,533;3,713;3,653;81375,44050094386;297296,73;114;
2017-09-11;3,608;3,706;3,608;3,706;3,39;3,683;3,622;118536,49256818868;429286,35;120;
2017-09-08;3,668;3,676;3,736;3,736;3,571;3,676;3,693;79157,80343514243;292343,96;110;
2017-09-07;3,713;3,728;3,751;3,751;3,42;3,698;3,645;198668,0874443429;724088,5;162;
2017-09-06;3,631;3,661;3,759;3,759;3,405;3,661;3,596;373842,7912161884;1344260,69;276;
2017-09-05;3,661;3,713;3,195;3,834;3,195;3,736;3,546;554842,9495238133;1967521,76;408;
2017-09-04;3,187;3,24;3,30;3,30;3,172;3,247;3,231;143579,69458601228;463903,23;152;
2017-09-01;3,217;3,262;3,232;3,277;3,187;3,277;3,237;61273,03276169648;198336,4;102;
2017-08-31;3,202;3,247;3,217;3,277;3,172;3,202;3,227;77352,56438397715;249586,36;112;
2017-08-30;3,202;3,232;3,12;3,30;3,12;3,217;3,219;84340,71525779532;271498,82;136;
2017-08-29;3,165;3,187;3,30;3,30;3,157;3,165;3,218;217118,24249269324;698584,38;230;
2017-08-28;3,292;3,30;3,36;3,36;3,247;3,30;3,298;89022,09788200362;293612,77;113;
2017-08-25;3,21;3,232;3,195;3,285;3,12;3,232;3,208;89055,35578640977;285682,82;96;
2017-08-24;3,21;3,225;3,247;3,33;3,172;3,217;3,23;160917,70531102127;519750,59;145;
2017-08-23;3,232;3,285;3,383;3,383;3,232;3,24;3,307;178002,95596254364;588625,72;176;
2017-08-22;3,345;3,398;3,383;3,473;3,307;3,375;3,367;111278,28751059265;374686,47;114;
2017-08-21;3,345;3,375;3,42;3,495;3,375;3,383;3,426;107694,41573178698;369003,17;128;
2017-08-18;3,413;3,48;3,533;3,533;3,413;3,42;3,453;88286,4330365398;304836,51;106;
2017-08-17;3,548;3,556;3,593;3,593;3,465;3,548;3,505;41881,01386056424;146790,47;80;
2017-08-16;3,48;3,51;3,518;3,518;3,458;3,518;3,49;30266,023325763835;105625,8;74;
2017-08-15;3,488;3,518;3,495;3,548;3,428;3,518;3,482;54614,80029958721;190178;83;
2017-08-14;3,51;3,525;3,495;3,593;3,398;3,51;3,491;62242,833254179524;217262,19;72;
2017-08-11;3,518;3,533;3,623;3,623;3,383;3,518;3,482;90206,0792788622;314091,11;119;
2017-08-10;3,571;3,586;3,653;3,653;3,518;3,556;3,574;120474,76323697854;430535,62;129;
2017-08-09;3,653;3,668;3,706;3,706;3,608;3,653;3,648;58681,57685037003;214090,43;110;
2017-08-08;3,661;3,683;3,706;3,706;3,571;3,691;3,626;85780,11736049308;311067,91;133;
2017-08-07;3,571;3,593;3,556;3,638;3,556;3,571;3,589;53833,90470413103;193185,58;104;
2017-08-04;3,556;3,578;3,601;3,601;3,533;3,556;3,552;62019,34013657026;220301,82;101;
2017-08-03;3,586;3,593;3,563;3,601;3,518;3,586;3,568;33126,20310469189;118181,17;82;
2017-08-02;3,563;3,586;3,623;3,623;3,465;3,563;3,556;85407,6288311443;303699,22;100;
2017-08-01;3,601;3,638;3,668;3,668;3,571;3,623;3,616;92250,77524175172;333584,79;116;
2017-07-31;3,668;3,683;3,623;3,736;3,623;3,668;3,685;95351,74224858022;351343,17;118;
2017-07-28;3,683;3,713;3,691;3,721;3,623;3,691;3,672;45855,99859518612;168385,13;91;
2017-07-27;3,691;3,728;3,653;3,759;3,653;3,691;3,734;54401,94971138791;203130,76;83;
2017-07-26;3,646;3,668;3,646;3,759;3,608;3,646;3,695;113996,12345866243;421264,52;143;
2017-07-25;3,616;3,646;3,608;3,676;3,578;3,623;3,625;152266,65921689608;552000,34;186;
2017-07-24;3,458;3,48;3,345;3,563;3,345;3,488;3,42;55134,95392449924;188552,88;93;
2017-07-21;3,353;3,375;3,307;3,48;3,232;3,353;3,36;186701,89343901366;627394,13;180;
2017-07-20;3,383;3,398;3,458;3,458;3,353;3,398;3,39;205625,64104610746;697139,77;169;
2017-07-19;3,51;3,525;3,563;3,563;3,48;3,51;3,51;120179,43304585201;421812,24;99;
2017-07-18;3,563;3,608;3,653;3,653;3,533;3,563;3,583;89036,73135994232;319012,71;81;
2017-07-17;3,631;3,646;3,676;3,683;3,601;3,653;3,626;117176,90943606567;424830,62;83;
2017-07-14;3,646;3,683;3,646;3,691;3,608;3,676;3,653;78068,27448679728;285183,32;77;
2017-07-13;3,623;3,646;3,668;3,713;3,608;3,646;3,64;135223,9786830136;492258,88;78;
2017-07-12;3,661;3,721;3,683;3,736;3,646;3,661;3,692;72246,8108995465;266711,57;70;
2017-07-11;3,683;3,713;3,759;3,796;3,668;3,683;3,709;54401,94971138791;201800,47;70;
2017-07-10;3,743;3,796;3,683;3,796;3,683;3,743;3,73;46171,28352895633;172209,42;55;
2017-07-07;3,683;3,721;3,751;3,834;3,683;3,721;3,761;118654,89070787455;446287,59;92;
2017-07-06;3,728;3,759;3,834;3,834;3,728;3,751;3,774;37800,93414801896;142658,32;52;
2017-07-05;3,721;3,759;3,796;3,909;3,721;3,743;3,782;196683,25570938445;743916,08;95;
2017-07-04;3,759;3,834;3,751;3,834;3,751;3,796;3,765;121783,79435440422;458534,8;61;
2017-07-03;3,759;3,834;3,759;3,871;3,616;3,759;3,74;222891,81469759918;833590,16;112;
2017-06-30;3,728;3,759;3,721;3,834;3,586;3,796;3,70;122864,01108951565;454601,31;133;
2017-06-29;3,661;3,683;3,984;3,984;3,571;3,706;3,732;433041,86105911794;1616332,46;289;
2017-06-28;3,834;3,909;3,984;3,984;3,796;3,871;3,893;246897,3700979512;961093,1;157;
2017-06-27;3,909;3,946;3,796;4,022;3,796;3,946;3,949;375763,76777468703;1483886,5;223;
2017-06-26;3,759;3,796;3,683;3,796;3,646;3,796;3,723;315717,286527489;1175367,54;181;
2017-06-22;3,683;3,691;3,683;3,706;3,608;3,683;3,663;82411,7568022392;301854,39;87;
2017-06-21;3,646;3,661;3,721;3,721;3,608;3,638;3,641;98366,23870395277;358163,55;119;
2017-06-20;3,653;3,698;3,721;3,721;3,638;3,676;3,664;177702,30450671213;651112,21;139;
2017-06-19;3,683;3,698;3,653;3,736;3,638;3,706;3,678;169681,82828012734;624038,44;188;
2017-06-16;3,676;3,706;3,646;3,759;3,608;3,653;3,711;185290,42797601706;687617,58;217;
2017-06-15;3,571;3,586;3,728;3,728;3,578;3,586;3,624;87815,50111014885;318215,01;99;
2017-06-14;3,631;3,646;3,653;3,751;3,616;3,631;3,666;387438,6225374185;1420406,17;201;
2017-06-13;3,683;3,706;3,759;3,759;3,571;3,683;3,658;283829,60778288176;1038374,02;230;
2017-06-12;3,751;3,759;3,728;3,796;3,691;3,759;3,742;197522,68521659545;739091,53;129;
2017-06-09;3,721;3,728;3,728;3,759;3,683;3,728;3,726;157015,8879660929;585048,62;158;
2017-06-08;3,706;3,736;3,736;3,796;3,706;3,728;3,732;185624,3373362547;692715,34;135;
2017-06-07;3,743;3,796;3,834;3,834;3,736;3,736;3,765;127490,85075049787;479988,25;169;
2017-06-05;3,743;3,759;3,871;3,871;3,698;3,736;3,749;212294,5160376267;795803,78;263;
2017-06-02;3,834;3,871;3,736;3,909;3,736;3,834;3,80;193164,56942321482;734092,2;196;
2017-06-01;3,759;3,796;3,909;3,984;3,736;3,736;3,834;305261,00138219853;1170450,8;308;
2017-05-31;3,871;3,909;4,097;4,097;3,834;3,909;3,933;293999,8749502794;1156278,95;265;
2017-05-30;4,097;4,134;4,022;4,134;3,909;4,097;4,015;230674,164328636;926259,3;217;
2017-05-29;3,946;4,022;4,059;4,134;3,871;4,022;4,004;226500,96248375354;906842,35;220;
2017-05-26;4,059;4,097;4,097;4,21;3,946;4,059;4,112;415195,6695547831;1707225,05;257;
2017-05-24;4,022;4,097;4,285;4,322;3,984;4,097;4,183;338025,3584869516;1414056,95;215;
2017-05-23;4,134;4,172;3,946;4,21;3,946;4,21;4,078;1012338,682534678;4128024,25;472;
2017-05-22;3,909;3,946;3,909;4,247;3,871;3,909;4,003;1161083,9948330521;4647935,9;751;
2017-05-19;3,796;3,834;3,413;3,871;3,383;3,871;3,681;1086835,0580882558;4000863,93;804;
2017-05-18;3,368;3,405;3,398;3,495;3,345;3,368;3,415;655099,5675142112;2237087,81;416;
2017-05-17;3,405;3,458;3,661;3,661;3,383;3,398;3,496;654276,1018011151;2287522,17;567;
2017-05-16;3,616;3,631;3,721;3,728;3,503;3,631;3,626;581918,8746589402;2109847,31;434;
2017-05-15;3,691;3,713;3,796;3,834;3,683;3,683;3,738;566364,8179262766;2117098,28;424;
2017-05-12;3,759;3,834;3,759;3,834;3,759;3,796;3,79;481209,94916861894;1823716,6;317;
2017-05-11;3,796;3,834;3,909;3,909;3,698;3,796;3,785;1160680,9090316496;4393241,77;657;
2017-05-10;3,871;3,909;4,134;4,21;3,834;3,909;3,928;2435415,1451175404;9565705,3;895;
2017-05-09;4,097;4,134;4,285;4,285;3,871;4,134;4,081;2985185,599061329;12182389,53;1571;
2017-05-08;4,247;4,285;3,135;4,961;3,135;4,322;4,316;20377675,432119954;87958272,42;8832;
2017-05-05;13,305;13,455;13,531;13,606;13,155;13,305;13,374;155999,52640744127;2086257,8;162;
2017-05-04;13,606;13,756;13,681;13,982;13,155;13,606;13,677;268882,1752265861;3677391,2;277;
2017-05-03;13,606;13,681;13,906;13,906;13,606;13,681;13,75;170899,06758139207;2349864,5;215;
2017-05-02;13,531;13,606;13,305;13,982;13,305;13,606;13,673;289262,6190466688;3955019,4;337;
2017-04-28;13,155;13,305;12,779;13,305;12,553;13,155;12,889;213856,30722853902;2756324,8;250;
2017-04-27;12,779;12,854;13,004;13,08;12,779;12,779;12,911;138138,70142516773;1783545,8;204;
2017-04-26;13,004;13,155;13,08;13,38;13,004;13,08;13,177;84678,61556656171;1115829,3;185;
2017-04-25;13,08;13,155;13,681;13,756;13,08;13,08;13,258;200452,04143668828;2657493,7;235;
2017-04-24;13,455;13,531;13,004;13,756;13,004;13,455;13,391;156897,48982640705;2101040,7;239;
2017-04-21;13,004;13,08;13,455;13,681;13,004;13,004;13,393;198645,47206934672;2660460,2;251;
2017-04-20;13,455;13,606;13,531;14,207;13,155;13,455;13,649;302524,5410076613;4129029,4;367;
2017-04-19;13,38;13,455;14,282;14,357;13,305;13,455;13,746;503440,8627898593;6920355,2;656;
2017-04-18;14,357;14,508;15,26;15,635;14,132;14,357;14,906;442243,6580502088;6591927,8;605;
2017-04-13;15,184;15,26;15,26;15,635;14,884;15,26;15,217;245944,86371575933;3742541,55;397;
2017-04-12;15,26;15,335;14,207;16,462;14,132;15,41;15,346;1796940,5388578705;27581933,3;2413;
2017-04-11;13,982;14,057;13,531;14,658;13,08;13,906;13,94;527931,983594541;7359152,5;703;
2017-04-10;13,305;13,38;12,553;13,606;12,553;13,305;13,285;352547,08986684866;4683557,3;394;
2017-04-07;12,478;12,553;12,328;12,779;12,253;12,553;12,512;184897,98470402462;2313436,4;193;
2017-04-06;12,553;12,629;12,553;12,779;12,403;12,553;12,624;253695,28575856626;3202551,75;217;
2017-04-05;12,629;12,704;12,779;13,004;12,478;12,704;12,725;193743,25695988166;2465465,1;216;
2017-04-04;12,779;12,854;13,155;13,155;12,779;12,854;12,94;126709,95515504171;1639608;205;
2017-04-03;12,854;12,929;13,23;13,23;12,854;12,929;13,041;199213,5170766036;2597907,8;195;
2017-03-31;12,929;13,004;13,155;13,155;12,629;12,929;12,873;342101,44725096813;4403708,1;317;
2017-03-30;13,155;13,23;13,38;13,455;12,854;13,23;13,151;234148,95018098954;3079374,8;264;
2017-03-29;13,305;13,38;13,004;13,531;12,929;13,38;13,265;318444,4346887925;4224092,5;349;
2017-03-28;12,929;13,004;14,057;14,057;12,779;12,929;13,346;531150,0184248791;7088971,3;503;
2017-03-27;13,831;13,982;13,982;14,282;13,606;14,057;14,054;232168,1093945598;3263004,5;314;
2017-03-24;13,906;13,982;14,959;14,959;13,906;13,982;14,346;287474,67410579475;4124135,9;337;
2017-03-23;14,057;14,207;14,207;14,809;14,057;14,207;14,507;424734,03653846413;6161541,7;430;
2017-03-22;14,282;14,357;14,733;14,733;13,23;14,207;13,966;544374,6915329366;7602498,7;705;
2017-03-21;14,508;14,658;14,658;14,884;14,282;14,508;14,598;535360,4691226964;7815219,3;543;
2017-03-20;14,132;14,207;14,282;14,508;13,681;14,132;14,196;638596,9953478844;9064307,6;753;
2017-03-17;13,38;13,455;12,929;14,132;12,929;13,531;13,587;883202,2306741644;11999844,7;818;
2017-03-16;12,704;12,779;12,027;12,779;12,027;12,779;12,506;531426,7241895382;6649546,8;451;
2017-03-15;11,952;12,027;12,178;12,253;11,877;12,027;12,015;206191,02542101181;2477442,5;205;
2017-03-14;11,877;12,027;11,802;12,253;11,501;11,877;11,895;277831,21214419033;3304869,7;266;
2017-03-13;11,802;12,027;11,651;12,403;11,651;11,802;12,018;356978,3730499228;4290226,4;338;
2017-03-10;11,426;11,501;11,426;11,651;10,824;11,501;11,206;515388,4323687211;5775324,5;411;
2017-03-09;11,426;11,501;12,102;12,403;11,351;11,501;11,767;702148,8597194896;8261530,05;483;
2017-03-08;12,102;12,178;12,553;13,23;11,952;12,102;12,556;686706,5495456306;8622214,8;603;
2017-03-07;12,403;12,478;11,651;12,553;11,651;12,553;12,267;370195,0642609229;4541152;417;
2017-03-06;11,576;11,651;11,576;11,952;11,276;11,651;11,547;415283,4704224153;4795068,8;295;
2017-03-03;11,351;11,426;11,276;11,952;11,276;11,426;11,587;580660,3955562119;6728255;497;
2017-03-02;11,125;11,238;12,629;12,704;11,05;11,20;11,868;701800,3168813132;8328378;742;
2017-03-01;12,629;12,704;12,478;13,08;12,328;12,629;12,714;1031637,5793034731;13117153,5;975;
2017-02-28;12,178;12,328;10,90;12,929;10,749;12,328;12,021;1361474,841725633;16366103;1507;
2017-02-27;10,599;10,637;9,922;10,749;9,922;10,637;10,406;486383,5487780381;5061832,15;449;
2017-02-24;9,885;9,922;9,922;9,998;9,547;9,922;9,853;410039,36405565514;4040029,75;289;
2017-02-23;9,81;9,885;9,697;10,11;9,321;9,772;9,766;546738,663378125;5339389,15;403;
2017-02-22;9,547;9,622;9,096;9,847;8,945;9,622;9,386;1404861,7734977072;13186531,3;443;
2017-02-21;9,02;9,096;8,832;9,096;8,72;9,096;8,946;101207,79405641339;905414,2;81;
2017-02-20;8,795;8,832;8,983;9,284;8,682;8,832;9,031;154778,2961576478;1397764,8;137;
2017-02-17;8,945;8,983;9,096;9,133;8,945;9,02;9,01;264590,5752420178;2384063,7;178;
2017-02-16;9,133;9,171;9,584;9,622;9,02;9,171;9,247;179938,56599898098;1664064,38;142;
2017-02-15;9,396;9,509;9,735;9,772;9,359;9,509;9,653;109084,59613596364;1052990;134;
2017-02-14;9,434;9,471;9,735;9,922;9,396;9,396;9,656;98834,50999799123;954364,1;117;
2017-02-13;9,622;9,659;9,434;9,81;9,246;9,622;9,596;311752,9443222771;2991438,4;203;
2017-02-10;9,246;9,396;9,547;9,697;9,246;9,396;9,509;93071,58032249525;885047,65;94;
2017-02-09;9,396;9,471;9,434;9,772;9,396;9,434;9,559;115730,8557524867;1106222;123;
2017-02-08;9,584;9,659;9,735;9,772;9,509;9,584;9,688;117191,54291400438;1135321;89;
2017-02-07;9,622;9,697;9,772;9,772;9,622;9,697;9,702;141173,15262318397;1369692,5;92;
2017-02-06;9,659;9,772;9,922;10,148;9,659;9,697;9,888;233288,23561495863;2306820,8;204;
2017-02-03;9,735;9,81;9,622;9,922;9,622;9,735;9,822;358663,88364522595;3522432,3;221;
2017-02-02;9,697;9,772;9,547;9,847;9,509;9,697;9,71;247533,2612301966;2403372,73;208;
2017-02-01;9,509;9,547;9,02;9,697;9,02;9,547;9,436;190013,050401689;1792917,6;190;
2017-01-31;8,945;9,02;9,096;9,096;8,908;9,02;9,017;79700,57243505065;718626,85;75;
2017-01-30;8,945;9,096;9,171;9,171;8,908;9,02;9,04;116620,83727439501;1054260,75;106;
2017-01-27;8,87;8,945;8,832;9,02;8,832;8,87;8,948;57047,94858594042;510465,4;68;
2017-01-26;8,87;8,983;8,757;9,246;8,757;8,832;8,998;166757,7933247395;1500534,4;118;
2017-01-25;8,87;8,945;8,832;8,945;8,682;8,832;8,793;54912,79112306622;482859,8;73;
2017-01-24;8,87;8,908;9,02;9,096;8,795;8,87;8,999;129144,43375757117;1162173,05;93;
2017-01-23;8,908;9,02;8,945;9,171;8,908;8,983;9,00;289649,7410539563;2606932,9;137;
2017-01-20;8,87;8,945;9,02;9,02;8,682;8,945;8,902;93493,29055036511;832243,7;82;
2017-01-19;8,795;8,87;8,494;9,058;8,494;8,795;8,848;83954,9235666841;742844,45;85;
2017-01-18;8,569;8,607;8,569;8,72;8,306;8,682;8,538;93960,23152822732;802186,2;82;
2017-01-17;8,569;8,757;8,419;8,757;8,269;8,569;8,541;65790,78649622656;561892,75;81;
2017-01-16;8,72;8,757;9,02;9,471;8,72;8,72;9,018;168575,005221491;1520280,45;153;
2017-01-13;8,832;8,87;9,02;9,396;8,832;8,87;9,046;303120,52265461935;2742131,25;276;
2017-01-12;8,72;8,757;8,494;8,832;8,419;8,72;8,682;114521,59834827944;994266;119;
2017-01-11;8,457;8,494;8,344;8,645;8,156;8,494;8,36;89397,24704370487;747339,45;87;
2017-01-10;8,269;8,344;8,269;8,569;8,231;8,269;8,324;319259,9185048311;2657560,15;161;
2017-01-09;8,081;8,156;7,743;9,096;7,667;8,156;8,407;419588,3735687461;3527518,2;414;
2017-01-05;7,63;7,667;7,705;7,743;7,592;7,667;7,643;58971,58577679157;450743,7;57;
2017-01-04;7,592;7,667;7,968;7,968;7,592;7,592;7,765;137932,50241784967;1070983,25;89;
2017-01-03;7,855;7,93;7,93;7,968;7,705;7,855;7,76;55750,89031410096;432644,4;89;
2017-01-02;7,78;7,893;8,118;8,118;7,78;7,818;7,864;70160,87513519339;551769,65;78;
2016-12-30;7,78;7,893;7,818;7,93;7,78;7,855;7,845;103442,72523250601;811537,65;128;
2016-12-29;7,818;7,93;7,743;7,93;7,743;7,818;7,818;79759,10634680545;623529,8;107;
2016-12-28;7,743;7,78;7,818;7,93;7,705;7,743;7,795;172992,98524280268;1348463,5;154;
2016-12-27;7,818;7,968;7,818;8,081;7,818;7,818;7,911;100465,47763006834;794817,7;122;
2016-12-23;7,893;8,006;7,78;8,006;7,78;7,893;7,965;728006,2152371755;5798579,05;55;
2016-12-22;7,93;8,006;7,968;8,006;7,78;7,93;7,872;77834,13883977805;612711,2;76;
2016-12-21;7,968;8,006;7,667;8,156;7,667;7,968;7,945;100909,80323293438;801729,65;87;
2016-12-20;7,893;7,968;8,043;8,344;7,818;7,855;8,00;273425,20496846485;2187398,55;84;
2016-12-19;7,968;8,043;8,419;8,607;7,968;7,968;8,221;125462,11858172332;1031411,95;124;
2016-12-16;8,269;8,344;8,043;8,908;8,006;8,269;8,382;300052,81355219695;2515199,15;297;
2016-12-15;7,743;7,78;7,291;8,194;7,254;7,743;7,663;178705,36290360131;1369416,5;181;
2016-12-14;7,141;7,254;7,066;7,291;7,066;7,254;7,20;217432,1971102872;1565563,2;110;
2016-12-13;7,028;7,141;7,179;7,179;6,991;7,066;7,07;105516,68815127291;745962,85;116;
2016-12-12;7,141;7,216;7,216;7,404;6,953;7,179;7,187;210754,00990553427;1514763,2;118;
2016-12-09;7,179;7,216;7,216;7,216;6,991;7,179;7,132;94227,62507965269;671993,75;78;
2016-12-08;7,028;7,141;7,179;7,179;6,916;7,141;7,072;67008,0257974913;473911,7;79;
2016-12-07;7,066;7,141;7,104;7,216;7,066;7,066;7,131;65200,126113973514;464917,25;56;
2016-12-06;7,104;7,141;7,028;7,329;6,991;7,104;7,122;122728,3188395386;874108,6;96;
2016-12-05;6,991;7,028;7,216;7,216;6,803;7,028;6,968;497838,90137168904;3469112,7;408;
2016-12-02;7,179;7,216;7,329;7,329;7,179;7,179;7,226;137267,34432972685;991894,7;117;
2016-12-01;7,179;7,216;7,179;7,367;7,179;7,179;7,238;156019,48115008496;1129333;97;
2016-11-30;7,179;7,291;7,216;7,329;7,141;7,179;7,216;158298,31275999368;1142233,9;101;
2016-11-29;7,291;7,329;7,291;7,517;7,216;7,291;7,301;106525,06781286708;777731,5;87;
2016-11-28;7,404;7,479;7,667;7,78;7,367;7,442;7,571;69475,7623044269;526012,05;81;
2016-11-25;7,592;7,63;7,818;7,818;7,63;7,63;7,704;987207,6796492223;7605170,7;101;
2016-11-24;7,705;7,893;7,705;8,231;7,667;7,818;7,811;68805,28295159912;537410,45;81;
2016-11-23;7,893;8,118;7,667;8,344;7,667;7,93;7,938;96896,23932920137;769131,8;114;
2016-11-22;7,63;7,667;7,592;7,855;7,592;7,667;7,734;60493,46748241655;467836,1;49;
2016-11-21;7,667;7,78;7,893;7,893;7,667;7,667;7,71;21730,714738972012;167552,25;28;
2016-11-18;7,743;7,818;7,78;8,118;7,667;7,743;7,865;57836,82607845407;454895,25;49;
2016-11-17;7,78;7,818;7,517;8,344;7,517;7,78;7,791;157033,1820763841;1223420,1;86;
2016-11-16;7,539;7,724;7,428;7,724;7,428;7,724;7,484;55425,89450546613;414820;49;
2016-11-15;7,761;7,982;7,724;7,761;7,539;7,761;7,707;26583,214744993372;204879,5;39;
2016-11-14;7,576;7,798;7,206;7,909;7,206;7,761;7,507;110972,20361355362;833079,3;122;
2016-11-11;7,539;7,687;7,761;7,761;7,465;7,539;7,605;21834,279293297182;166049,35;26;
2016-11-10;7,576;7,65;7,761;7,798;7,465;7,576;7,681;105104,35943862302;807352,45;57;
2016-11-09;7,391;7,65;7,465;7,65;7,022;7,428;7,423;129543,11187850572;961596,7;136;
2016-11-08;7,613;7,798;7,687;7,798;7,502;7,65;7,62;70074,5338603136;533987,85;65;
2016-11-07;7,687;7,761;7,835;8,019;7,724;7,724;7,821;29741,053874411864;232600,95;71;
2016-11-04;7,798;7,945;7,909;7,982;7,798;7,798;7,866;6358,973396858146;50021,5;13;
2016-11-03;7,835;7,982;8,13;8,13;7,982;7,982;8,055;17623,82712073919;141963,75;25;
2016-11-02;8,093;8,167;7,724;8,167;7,687;8,056;8,029;38494,78959306552;309058,95;64;
2016-11-01;7,909;7,982;8,019;8,13;7,982;7,982;8,063;39034,625845266884;314725,3;43;
2016-10-31;7,982;8,093;8,056;8,13;7,798;8,093;7,948;62871,3052720428;499717,9;58;
2016-10-28;8,056;8,167;7,909;8,315;7,909;8,056;8,142;48598,79242875417;395700,05;71;
2016-10-27;8,019;8,13;8,093;8,426;7,835;8,093;8,057;106864,57739379589;860975,25;77;
2016-10-26;7,909;7,982;8,13;9,35;7,835;8,019;8,668;416849,64778693573;3613448,15;490;
2016-10-25;7,613;7,65;7,687;7,872;7,613;7,613;7,684;23570,14373333314;181102,65;54;
2016-10-24;7,798;7,909;7,835;8,056;7,724;7,724;7,931;34967,588817403994;277337,8;40;
2016-10-21;7,835;7,945;7,761;7,982;7,761;7,835;7,853;28156,72241744997;221123,15;32;
2016-10-20;7,798;7,835;7,982;7,982;7,761;7,798;7,819;15287,242640659615;119525,25;29;
2016-10-19;7,872;7,945;7,909;8,056;7,798;7,945;7,91;25439,952506622066;201240,7;37;
2016-10-18;7,909;7,982;8,13;8,167;7,872;7,909;8,035;113170,78484119073;909296,9;74;
2016-10-17;8,13;8,167;8,426;8,426;8,13;8,13;8,222;55305,479902844774;454739,45;59;
2016-10-14;8,13;8,167;8,426;8,463;8,093;8,167;8,183;68537,55646056236;560873,8;64;
2016-10-13;8,241;8,352;8,204;8,389;8,204;8,389;8,266;8416,845425926494;69573,25;14;
2016-10-12;8,204;8,352;8,352;8,352;8,204;8,278;8,31;25958,14118981285;215723,4;22;
2016-10-11;8,278;8,389;8,463;8,50;8,278;8,352;8,366;23579,614544775268;197276,7;30;
2016-10-10;8,389;8,463;8,389;8,50;8,389;8,463;8,419;10175,710408036195;85668,8;27;
2016-10-07;8,426;8,537;8,463;8,758;8,389;8,426;8,553;23871,85672641811;204176,25;32;
2016-10-06;8,241;8,352;8,13;8,426;8,13;8,352;8,356;61825,45709421911;516615,75;41;
2016-10-05;8,167;8,278;8,241;8,426;8,13;8,278;8,232;65318,83354330161;537725,3;65;
2016-10-04;8,352;8,463;8,426;8,463;8,204;8,352;8,406;27596,591569301192;231975,2;43;
2016-10-03;8,352;8,389;8,426;8,722;8,093;8,426;8,30;121266,97565114801;1007393,8;118;
2016-09-30;8,315;8,537;8,722;8,722;8,13;8,426;8,367;154251,1059579575;1290677,05;104;
2016-09-29;8,648;8,758;8,722;8,869;8,648;8,722;8,744;19151,33370904831;167458,05;31;
2016-09-28;8,722;8,795;8,722;8,906;8,685;8,722;8,763;25243,771412463677;221212,8;39;
2016-09-27;8,685;8,758;8,722;8,869;8,685;8,722;8,776;39192,92369365676;343949,7;41;
2016-09-26;8,906;8,943;8,943;8,943;8,758;8,943;8,884;24852,76219721006;220789,3;34;
2016-09-23;8,943;9,054;8,832;9,165;8,832;9,054;9,02;15609,250229692006;140794,75;24;
2016-09-22;8,832;8,943;8,943;9,165;8,869;8,98;9,044;22762,41881462584;205870,8;36;
2016-09-21;8,98;9,017;8,943;9,054;8,722;8,943;8,913;214061,98616112946;1902047,05;64;
2016-09-20;8,722;8,943;8,537;8,906;8,463;8,869;8,622;112281,88153869376;968139,95;97;
2016-09-19;8,795;8,906;8,50;8,906;8,50;8,906;8,683;92976,30890044506;807296,8;101;
2016-09-16;8,648;8,869;8,906;8,906;8,574;8,869;8,777;64162,041574298695;563133,55;60;
2016-09-15;8,611;8,648;8,98;8,98;8,611;8,611;8,793;39698,93561927909;349088,6;38;
2016-09-14;8,648;8,758;8,943;8,98;8,648;8,648;8,769;44556,108916028184;390713,65;52;
2016-09-13;8,758;8,943;8,906;8,98;8,832;8,943;8,918;27560,061296595835;245787,5;32;
2016-09-12;8,795;8,906;8,869;8,906;8,758;8,906;8,855;39458,106414036374;349380,55;51;
2016-09-09;8,869;8,98;8,869;8,98;8,795;8,869;8,893;29705,87657476967;264182,75;34;
2016-09-08;8,722;8,869;8,832;8,869;8,50;8,869;8,755;90259,53898961715;790185,6;68;
2016-09-07;8,832;8,869;8,906;8,943;8,722;8,832;8,814;55367,716663750194;488013,5;58;
2016-09-06;8,795;8,869;8,758;8,98;8,722;8,832;8,859;63208,19556476997;559979,8;56;
2016-09-05;8,906;8,943;9,017;9,017;8,722;8,906;8,875;63484,20206965488;563415,1;60;
2016-09-02;9,017;9,054;9,239;9,239;9,017;9,017;9,078;42498,236886959836;385802,65;50;
2016-09-01;9,017;9,091;8,943;9,128;8,943;9,017;9,062;62999,837713043125;570914,35;48;
2016-08-31;9,017;9,091;9,017;9,202;8,98;9,017;9,063;72316,4102259719;655437,1;75;
2016-08-30;9,017;9,128;8,98;9,202;8,869;9,017;9,07;86630,86523421852;785741,9;88;
2016-08-29;8,869;8,98;8,869;9,017;8,795;8,98;8,892;38873,62205075069;345653,9;67;
2016-08-26;8,722;8,869;8,758;8,943;8,722;8,869;8,808;32413,175674155445;285497,25;63;
2016-08-25;8,574;8,685;8,352;8,685;8,352;8,685;8,624;43147,66395727726;372113,9;65;
2016-08-24;8,315;8,426;8,50;8,722;8,315;8,315;8,518;91861,45909640014;782476,25;161;
2016-08-23;8,574;8,685;9,276;9,276;8,463;8,537;8,697;91479,92069258865;795587,6;123;
2016-08-22;8,832;9,091;9,387;9,387;8,722;8,832;9,036;78595,55821210352;710151,75;111;
2016-08-19;8,795;8,943;8,832;8,98;8,795;8,795;8,876;76700,04295061453;680770,6;128;
2016-08-18;8,426;8,537;8,648;8,869;8,389;8,537;8,60;135060,53603007752;1161533,95;142;
2016-08-17;8,50;8,574;8,685;8,758;8,50;8,50;8,632;89689,93733002624;774215;105;
2016-08-16;8,943;9,054;9,239;9,424;8,758;8,758;9,076;107873,89529891421;979098,7;161;
2016-08-15;9,35;9,461;9,682;9,793;9,35;9,461;9,482;71131,20582264258;674434,05;87;
2016-08-12;9,572;9,645;9,608;9,756;9,424;9,572;9,555;87822,83450286364;839114,6;89;
2016-08-11;9,682;9,756;10,274;10,274;9,387;9,756;9,798;198560,97377649034;1945493,95;153;
2016-08-10;10,163;10,20;10,311;10,311;10,089;10,20;10,205;43899,91698039495;448001,75;64;
2016-08-09;10,052;10,20;10,348;10,348;10,015;10,20;10,229;106188,09086221523;1086179;124;
2016-08-08;10,052;10,20;9,756;10,274;9,756;10,052;10,058;87830,9523412426;883436,95;100;
2016-08-05;9,756;9,867;9,793;9,904;9,719;9,756;9,80;65628,66437476554;643129,3;91;
2016-08-04;9,719;9,83;10,311;10,348;9,719;9,83;9,993;114360,04816370952;1142745,9;126;
2016-08-03;10,20;10,348;10,902;10,902;9,941;10,421;10,199;133588,50133735803;1362401,4;230;
2016-08-02;10,717;10,902;11,087;11,087;10,348;10,902;10,714;129911,1205516856;1391908,4;164;
2016-08-01;10,939;11,05;9,535;11,456;9,535;11,05;10,891;329611,29764735774;3589644,6;376;
2016-07-29;9,535;9,608;9,608;9,682;9,424;9,608;9,596;88144,84209189603;845879,4;107;
2016-07-28;9,461;9,608;9,387;9,572;9,387;9,535;9,50;152262,2355551104;1446445,4;107;
2016-07-27;8,98;9,165;9,239;9,276;8,869;9,165;9,185;73243,19677423738;672759,75;94;
2016-07-26;8,832;8,943;8,832;9,239;8,758;8,832;8,956;69592,87544982818;623264,1;82;
2016-07-25;8,758;8,795;8,574;8,869;8,574;8,795;8,73;151569,5133467718;1323260,55;93;
2016-07-22;8,426;8,574;8,426;8,611;8,426;8,574;8,533;21244,383037758853;181270,25;35;
2016-07-21;8,50;8,611;8,574;8,685;8,426;8,50;8,511;23552,555083512044;200459,75;40;
2016-07-20;8,50;8,611;8,685;8,758;8,537;8,574;8,666;29642,286840801087;256884,55;54;
2016-07-19;8,50;8,685;8,426;8,685;8,426;8,685;8,589;137972,13406200067;1185014,4;110;
2016-07-18;8,315;8,352;8,278;8,426;8,13;8,352;8,361;62657,535528063316;523849,2;64;
2016-07-15;8,13;8,352;8,315;8,389;8,093;8,352;8,262;37432,7057384839;309260,45;72;
2016-07-14;8,093;8,13;8,13;8,13;7,982;8,13;8,114;17889,00984111881;145154,35;24;
2016-07-13;7,909;8,056;8,204;8,315;7,982;7,982;8,164;32947,600034104165;268977,35;60;
2016-07-12;8,13;8,204;8,389;8,389;8,056;8,093;8,182;38511,02526982346;315110,65;47;
2016-07-11;8,13;8,167;8,352;8,426;8,056;8,13;8,278;34061,09686508592;281947,1;57;
2016-07-08;8,167;8,352;8,352;8,352;8,13;8,352;8,308;37634,298724894936;312682,05;41;
2016-07-07;8,204;8,352;7,909;8,463;7,909;8,278;8,325;102909,83713017538;856683,3;69;
2016-07-06;7,872;7,909;7,835;8,426;7,798;7,909;8,174;58510,67308947391;478280,95;34;
2016-07-05;7,835;7,945;8,093;8,167;7,798;7,945;8,029;37547,70844885261;301464,15;39;
2016-07-04;7,909;8,093;7,909;8,204;7,613;8,093;7,82;81021,43891435175;633615,85;95;
2016-07-01;8,13;8,204;7,613;8,648;7,576;8,056;8,05;166606,45597074658;1341251,95;130;
2016-06-30;7,465;7,613;7,391;7,65;6,911;7,613;7,286;80660,19510648768;587693,75;94;
2016-06-29;7,28;7,354;7,022;7,391;6,948;7,28;7,176;44606,168919365154;320089,85;57;
2016-06-28;6,874;6,948;6,80;6,948;6,80;6,837;6,854;99256,80985963985;680345,6;60;
2016-06-27;6,874;6,948;7,022;7,022;6,837;6,874;6,942;75536,48611629581;524336,2;86;
2016-06-23;7,28;7,391;7,243;7,465;7,243;7,317;7,372;17128,638979622155;126270;20;
2016-06-22;7,206;7,317;7,354;7,465;7,206;7,206;7,365;63025,544201243196;464193,3;54;
2016-06-21;7,354;7,428;7,28;7,502;7,28;7,354;7,388;56136,20536362581;414721,75;42;
2016-06-20;7,317;7,391;7,059;7,539;7,059;7,317;7,297;9143,391960844117;66715,3;39;
2016-06-17;7,317;7,465;7,465;7,576;7,243;7,317;7,363;10216,299599931033;75223,75;39;
2016-06-16;7,354;7,391;7,391;7,465;7,243;7,391;7,383;38469,08310486546;284010,6;39;
2016-06-15;7,391;7,465;7,576;7,576;7,206;7,465;7,407;12619,179760105516;93471,05;29;
2016-06-14;7,502;7,576;7,502;7,65;7,317;7,576;7,502;31681,21724698518;237681,35;41;
2016-06-13;7,576;7,65;7,391;7,65;7,243;7,65;7,426;29456,92953114799;218753,3;52;
2016-06-10;7,613;7,724;7,945;7,945;7,613;7,724;7,766;20812,784630610396;161635,75;45;
2016-06-09;7,798;7,909;7,872;8,056;7,687;7,945;7,836;25177,475732368773;197297,8;51;
2016-06-08;7,576;7,687;7,872;7,872;7,391;7,872;7,625;33457,670878915975;255119,3;77;
2016-06-07;7,539;7,65;7,465;7,65;7,354;7,65;7,501;33837,856309664305;253812,75;52;
2016-06-03;7,391;7,428;7,465;7,502;7,391;7,428;7,452;25955,435243686526;193409,5;32;
2016-06-02;7,391;7,465;7,465;7,502;7,391;7,465;7,435;31130,557210278526;231442,9;28;
2016-06-01;7,428;7,539;7,465;7,539;7,354;7,502;7,408;79144,86527574701;586293,6;48;
2016-05-31;7,428;7,465;7,539;7,539;7,428;7,428;7,444;22663,651781015065;168709,75;36;
2016-05-30;7,428;7,539;7,428;7,687;7,317;7,539;7,444;14260,336085720182;106158,8;32;
2016-05-27;7,428;7,465;7,428;7,613;7,428;7,465;7,473;27243,46559981609;203585,3;31;
2016-05-26;7,465;7,539;7,428;7,687;7,428;7,539;7,539;16618,568134810342;125285,4;44;
2016-05-25;7,539;7,613;7,761;7,761;7,502;7,539;7,604;23741,971312354628;180535,85;41;
2016-05-24;7,539;7,761;7,872;7,872;7,465;7,539;7,69;18972,741264711017;145906,8;39;
2016-05-23;7,761;7,872;7,761;7,872;7,502;7,872;7,716;27118,99207800525;209395,6;43;
2016-05-20;7,465;7,502;7,539;7,539;7,391;7,465;7,445;5694,663622845944;42397;14;
2016-05-19;7,317;7,391;7,539;7,539;7,28;7,28;7,389;27953,77645797578;206538,75;32;
2016-05-18;7,391;7,502;7,428;7,502;7,28;7,502;7,435;13355,197106465268;99297,3;29;
2016-05-17;7,391;7,428;7,391;7,539;7,354;7,428;7,404;12953,36410670636;95909;29;
2016-05-16;7,28;7,317;7,354;7,354;7,132;7,28;7,219;33664,67575757966;243034,2;58;
2016-05-13;7,317;7,391;7,354;7,428;7,206;7,354;7,33;21857,279835370926;160220,25;44;
2016-05-12;7,206;7,354;7,391;7,539;7,059;7,206;7,267;79595,40530577973;578411,65;95;
2016-05-11;7,391;7,613;7,687;7,687;7,317;7,428;7,396;22694,770161467775;167839,95;44;
2016-05-10;7,613;7,724;7,761;7,761;7,502;7,724;7,572;32782,537320398485;248214,7;43;
2016-05-09;7,539;7,65;7,65;7,761;7,502;7,761;7,58;25150,416271105547;190652,65;46;
2016-05-06;7,502;7,65;7,687;7,687;7,354;7,65;7,506;32331,99729036577;242669,9;40;
2016-05-04;7,317;7,354;7,354;7,687;7,317;7,502;7,397;24812,17300531522;183535,7;36;
2016-05-03;7,317;7,391;7,724;7,724;7,354;7,354;7,476;51904,10562205724;388028,7;62;
2016-05-02;7,428;7,539;7,761;8,278;7,317;7,539;7,593;62377,470103988926;473620,9;87;
2016-04-29;7,835;7,945;7,65;8,204;7,65;7,945;7,99;67624,29964292848;540328,35;67;
2016-04-28;7,909;7,982;8,13;8,278;7,909;7,982;8,125;59892,058586961604;486627,9;71;
2016-04-27;7,945;8,13;8,13;8,13;7,687;8,019;7,86;86434,68414006014;679357,25;107;
2016-04-26;8,056;8,167;8,167;8,352;8,056;8,13;8,136;47160,5820626137;383717,2;82;
2016-04-25;8,241;8,352;8,389;8,389;8,204;8,352;8,26;41202,0886924513;340340,7;86;
2016-04-22;8,13;8,204;7,945;8,648;7,687;8,204;8,135;117708,65649503376;957607,1;109;
2016-04-21;7,835;7,909;7,687;7,945;7,465;7,945;7,664;52879,599200596545;405275,95;75;
2016-04-20;7,687;7,724;7,539;7,761;7,539;7,687;7,653;56251,20807399452;430509,75;77;
2016-04-19;7,724;7,798;7,761;8,019;7,613;7,724;7,741;116205,50342186155;899601,2;130;
2016-04-18;7,945;7,982;7,982;8,056;7,761;7,982;7,897;31594,626970942856;249496,15;87;
2016-04-15;7,982;8,13;8,13;8,13;7,872;8,019;8,026;60032,76778553038;481815,85;80;
2016-04-14;8,13;8,167;8,278;8,426;7,835;8,13;8,089;133666,97377502138;1081282,45;144;
2016-04-13;8,278;8,315;8,241;8,611;8,13;8,278;8,26;112595,77128934717;930002,5;128;
2016-04-12;8,241;8,278;8,204;8,389;8,13;8,241;8,286;65964,20169442954;546609,65;85;
2016-04-11;8,50;8,537;8,389;8,869;8,389;8,537;8,675;91876,34180009491;797016,55;96;
2016-04-08;8,50;8,574;8,648;8,648;8,204;8,50;8,438;53322,021392250295;449948,7;104;
2016-04-07;8,574;8,648;8,426;8,869;7,909;8,648;8,346;164177,86932237205;1370259,15;185;
2016-04-06;8,315;8,426;8,648;8,648;7,982;8,426;8,361;125229,83375314747;1047001,6;140;
2016-04-05;8,50;8,648;9,387;9,535;8,13;8,648;8,711;420433,67343125003;3662437,85;435;
2016-04-04;8,758;8,869;7,798;9,608;7,798;8,869;8,851;926188,5341715785;8197386;1004;
2016-04-01;7,465;7,502;6,689;7,539;6,652;7,502;7,015;205982,03102793012;1445020,15;218;
2016-03-31;6,541;6,726;6,209;6,837;6,209;6,578;6,443;91765,39800891568;591267;105;
2016-03-30;6,172;6,209;6,061;6,393;6,061;6,172;6,198;67088,5223099166;415816;58;
2016-03-29;6,024;6,135;6,135;6,135;5,987;6,024;6,099;104303,39938523153;636118,5;75;
2016-03-24;6,061;6,098;6,061;6,135;5,987;6,061;6,074;58135,899550978225;353106,2;42;
2016-03-23;6,024;6,098;6,135;6,209;5,987;6,061;6,094;280088,4246164644;1706914,75;159;
2016-03-22;5,802;5,839;5,802;5,876;5,765;5,839;5,856;443474,8046968871;5995070,8;68;
2016-03-21;5,839;5,876;5,839;5,839;5,691;5,802;5,769;54742,64310856967;315822,35;76;
2016-03-18;5,728;5,765;5,765;5,765;5,654;5,765;5,713;87722,7144961897;501196,65;90;
2016-03-17;5,728;5,765;5,839;5,839;5,691;5,765;5,757;36976,753816198536;212870,95;58;
2016-03-16;5,802;5,839;5,765;5,95;5,728;5,839;5,806;55691,077225845744;323348,85;44;
2016-03-15;5,876;5,913;5,913;5,913;5,765;5,913;5,826;45258,3019358089;263668,15;43;
2016-03-14;5,876;5,913;5,839;5,95;5,765;5,913;5,904;187750,7190018315;1108519,45;85;
2016-03-11;5,802;5,839;5,839;5,839;5,691;5,839;5,795;60099,06346562529;348283,8;61;
2016-03-10;5,802;5,913;5,987;5,987;5,765;5,839;5,807;41863,69252033718;243105,5;35;
2016-03-09;5,802;5,839;5,765;5,876;5,765;5,839;5,827;21627,274414633502;126016;18;
2016-03-08;5,765;5,913;5,876;5,913;5,765;5,765;5,834;64341,986991699145;375342,85;43;
2016-03-07;5,839;5,913;5,913;5,987;5,802;5,913;5,889;46091,73334271627;271447,45;48;
2016-03-04;5,839;5,913;5,913;5,95;5,839;5,839;5,866;126776,28196434084;743711,05;69;
2016-03-03;5,876;5,913;6,061;6,061;5,839;5,876;5,906;104362,93020001062;616393,75;59;
2016-03-02;5,913;5,987;5,839;5,987;5,839;5,987;5,921;187858,9568468844;1112229,9;78;
2016-03-01;5,839;5,876;5,839;5,95;5,654;5,839;5,794;153765,3886282826;890853,95;84;
2016-02-29;5,691;5,802;5,765;5,913;5,617;5,765;5,697;225690,7896390009;1285759,3;113;
2016-02-26;5,691;5,765;6,061;6,061;5,617;5,765;5,693;128037,25285920719;728873,1;106;
2016-02-25;5,876;5,913;5,802;5,913;5,728;5,839;5,838;76763,6326845831;448107,25;66;
2016-02-24;5,765;5,876;5,839;5,987;5,728;5,728;5,792;46969,812860707956;272027,3;41;
2016-02-23;5,839;5,876;6,061;6,061;5,691;5,839;5,752;175210,01167938934;1007810,35;84;
2016-02-22;5,876;5,913;5,765;6,209;5,543;5,839;5,898;274533,1172191241;1619232,35;161;
2016-02-19;5,876;5,913;5,802;5,987;5,765;5,839;5,865;44330,16241448025;259999,25;44;
2016-02-18;5,876;5,95;5,913;5,987;5,765;5,876;5,841;186615,57460183915;1089999;103;
2016-02-17;5,876;5,987;5,765;5,987;5,765;5,913;5,905;99724,93853949367;588831,9;126;
2016-02-16;5,802;5,876;5,987;5,987;5,617;5,802;5,808;114291,0465374883;663790,2;96;
2016-02-15;5,987;6,098;6,172;6,172;5,987;5,987;6,087;64912,94162435322;395127,2;56;
2016-02-12;5,987;6,098;5,765;6,098;5,765;6,098;6,039;59363,046119265535;358481,1;38;
2016-02-11;5,95;5,987;6,098;6,135;5,876;5,95;6,029;121735,10433100181;733959,7;68;
2016-02-10;6,061;6,135;6,172;6,172;5,913;6,061;6,047;37918,42306815881;229298,05;36;
2016-02-09;5,913;5,987;6,209;6,209;5,802;5,913;5,918;96487,27399934864;570987,45;63;
2016-02-08;6,209;6,356;5,95;6,319;5,95;6,209;6,157;131438,6271399947;809211,65;125;
2016-02-05;6,172;6,209;6,135;6,282;6,061;6,209;6,171;109167,33754729642;673677,7;73;
2016-02-04;6,135;6,209;6,135;6,282;6,135;6,209;6,198;42176,22929792744;261413,2;45;
2016-02-03;6,282;6,319;6,061;6,467;6,061;6,246;6,214;61117,85218218575;379757,25;53;
2016-02-02;6,356;6,467;6,024;6,504;6,024;6,356;6,292;59570,05099792921;374835,7;69;
2016-02-01;6,356;6,43;6,467;6,541;6,319;6,356;6,377;124455,9331610192;793638,7;60;
2016-01-29;6,467;6,578;6,80;6,80;6,356;6,356;6,493;152918,42749074363;992893,3;71;
2016-01-28;6,467;6,504;6,615;6,763;6,393;6,652;6,563;111852,98907767162;734067,15;107;
2016-01-27;6,504;6,578;6,504;6,615;6,43;6,541;6,546;63975,33129158243;418763,15;76;
2016-01-26;6,467;6,541;6,80;6,80;6,356;6,504;6,448;88542,61617246545;570961,05;105;
2016-01-25;6,726;6,763;6,135;6,763;6,135;6,763;6,563;124304,40017794513;815839,35;142;
2016-01-22;6,098;6,135;6,061;6,282;6,061;6,135;6,111;47167,34692792951;288243,7;59;
2016-01-21;5,913;5,95;5,913;6,061;5,876;5,95;5,939;57325,4686861446;340463,6;73;
2016-01-20;5,728;5,913;6,282;6,282;5,543;5,913;5,928;321914,2338910331;1908198,9;173;
2016-01-19;6,135;6,209;6,024;6,319;6,024;6,135;6,157;55929,20048496214;344368,7;103;
2016-01-18;6,024;6,098;6,541;6,578;5,913;6,024;6,192;184487,34797348644;1142373,35;186;
2016-01-15;6,172;6,209;6,578;6,578;6,209;6,246;6,334;156445,62826640517;990995,75;166;
2016-01-14;6,467;6,578;6,43;6,615;6,356;6,541;6,48;151722,39930290903;983135,5;235;
2016-01-13;6,43;6,467;6,541;6,763;6,43;6,467;6,633;265925,50259129185;1766403,8;121;
2016-01-12;6,578;6,615;6,356;6,763;6,356;6,541;6,584;160519,43015958386;1056912,4;117;
2016-01-11;6,504;6,578;6,578;6,652;6,319;6,504;6,516;417558,6056720322;2720658,15;349;
2016-01-08;6,578;6,652;6,652;7,132;6,578;6,652;6,843;387399,48312110354;2650934,6;309;
2016-01-07;6,652;6,726;6,874;6,874;6,061;6,652;6,585;530546,7391496962;3493590,65;434;
2016-01-05;6,874;6,948;7,354;7,354;6,652;7,022;6,986;701450,2375690431;4900337,35;541;
2016-01-04;7,206;7,28;10,126;10,237;5,543;7,206;6,652;3135738,314431752;20859853,15;2121;
2015-12-30;10,237;10,274;10,348;10,458;10,20;10,20;10,267;224299,93333007107;2302926,55;258;
2015-12-29;10,348;10,458;10,385;10,569;10,274;10,348;10,414;224780,23876749334;2340933,45;247;
2015-12-28;10,385;10,458;11,235;11,235;10,20;10,458;10,431;268060,4940849604;2796119,3;345;
2015-12-23;10,791;10,902;11,235;11,308;10,532;10,754;10,976;720077,9707026479;11096070,05;257;
2015-12-22;10,902;11,013;11,087;11,161;10,717;10,902;10,891;209467,28963863364;2281306,75;267;
2015-12-21;10,717;10,791;10,089;10,939;9,978;10,717;10,518;334740,4185298023;3520821,85;291;
2015-12-18;10,052;10,089;9,756;10,126;9,645;10,089;9,968;137698,8335032421;1372639,2;151;
2015-12-17;9,719;9,867;9,978;9,978;9,608;9,756;9,792;193490,03073576177;1894695;152;
2015-12-16;9,756;9,941;9,387;9,978;9,387;9,793;9,769;172184,76391016066;1682152,8;140;
2015-12-15;9,387;9,572;9,091;10,052;8,685;9,387;9,34;417067,4764501047;3895254,65;312;
2015-12-14;9,091;9,165;10,348;10,717;8,648;9,091;9,429;540006,72680732;5091738,5;479;
2015-12-11;10,052;10,163;11,087;11,604;10,163;10,20;10,977;328978,1062537983;3611047,1;273;
2015-12-10;10,569;10,717;10,274;10,828;10,274;10,717;10,558;279284,7586169466;2948635,1;230;
2015-12-09;10,20;10,274;11,456;11,456;9,978;10,20;10,503;376004,743983159;3949169,15;345;
2015-12-08;11,53;11,678;11,826;11,974;11,382;11,53;11,626;285172,8973878246;3315355,1;236;
2015-12-07;11,604;11,826;10,939;12,565;10,717;11,974;11,83;711722,0090645638;8419960,3;562;
2015-12-04;10,569;10,939;10,976;10,976;9,756;10,976;10,462;448478,0990844576;4692104,6;458;
2015-12-03;10,939;11,013;11,678;12,787;10,791;11,013;11,984;1902795,609541863;22803212;1504;
2015-12-02;10,976;11,087;9,313;11,90;9,165;11,161;10,716;1684727,4701407128;18054203,9;1398;
2015-12-01;8,943;9,054;8,463;9,202;8,463;8,98;8,851;483409,15762915625;4278692,65;578;
2015-11-30;8,204;8,278;7,761;8,574;7,761;8,204;8,276;226267,1561639076;1872653,35;157;
2015-11-27;7,945;8,019;7,909;7,945;7,687;7,909;7,841;123751,03419511216;970306,65;63;
2015-11-26;7,982;8,056;7,798;8,056;7,798;7,945;7,944;78529,26253200862;623867,45;69;
2015-11-25;7,835;7,872;7,724;7,909;7,724;7,798;7,80;49265,8081488927;384268,75;58;
2015-11-24;7,687;7,835;8,019;8,019;7,613;7,724;7,745;209100,63393851693;1619443,65;77;
2015-11-23;7,687;7,724;7,835;7,945;7,687;7,687;7,762;56851,92811403815;441304,4;63;
2015-11-20;7,724;7,835;7,502;7,835;7,502;7,835;7,709;99270,33959027147;765288,45;52;
2015-11-19;7,613;7,687;7,465;7,687;7,465;7,613;7,602;41721,63034870524;317163,05;33;
2015-11-18;7,613;7,687;7,502;7,687;7,502;7,613;7,616;214007,867238603;1629809,15;24;
2015-11-17;7,576;7,613;7,687;7,687;7,502;7,576;7,606;262685,1321050205;1997908,15;69;
2015-11-16;7,539;7,65;7,502;7,687;7,391;7,539;7,531;76767,69160377259;578137,25;50;
2015-11-13;7,539;7,65;7,576;7,687;7,428;7,539;7,538;35499,30723122639;267596,5;33;
2015-11-12;7,576;7,65;7,576;7,687;7,465;7,576;7,63;43134,13422664565;329110,95;36;
2015-11-11;7,539;7,576;7,613;7,761;7,28;7,576;7,522;56114,55779461523;422092,2;56;
2015-11-10;7,613;7,687;7,465;7,613;7,391;7,613;7,518;30708,4296145722;230879,05;38;
2015-11-09;7,539;7,613;7,317;7,761;7,206;7,539;7,393;201418,45288588703;1489143,7;86;
2015-11-06;7,502;7,539;7,724;7,724;7,428;7,539;7,547;57506,76707660822;434009,5;63;
2015-11-05;7,687;7,761;7,687;7,835;7,391;7,724;7,601;118723,38629240474;902442,75;113;
2015-11-04;7,576;7,687;7,539;7,687;7,465;7,687;7,593;79299,1042049474;602091,1;67;
2015-11-03;7,539;7,613;7,539;7,613;7,391;7,539;7,499;115093,35956394295;863043,65;71;
2015-11-02;7,502;7,576;7,428;7,835;7,391;7,502;7,554;49244,16057988211;372012,2;78;
2015-10-30;7,576;7,687;7,761;7,761;7,465;7,687;7,583;50014,0022528209;379243,05;40;
2015-10-29;7,613;7,687;7,391;7,761;7,317;7,687;7,515;90419,18981107019;679493,35;88;
2015-10-28;7,576;7,835;7,909;7,909;7,391;7,502;7,543;122165,34976508711;921465,45;103;
2015-10-27;7,724;7,909;7,945;7,945;7,687;7,909;7,795;38891,210700571784;303174,2;51;
2015-10-26;7,945;8,056;8,056;8,13;7,872;7,945;8,00;48748,97243876508;390004,25;67;
2015-10-23;7,982;8,056;7,613;7,982;7,465;7,982;7,673;137363,2961835781;1053958,75;85;
2015-10-22;7,502;7,576;7,391;7,576;7,354;7,576;7,477;120877,31940895754;903785,45;50;
2015-10-21;7,354;7,428;7,428;7,502;7,317;7,354;7,416;48735,442708133465;361431,3;37;
2015-10-20;7,428;7,539;7,539;7,539;7,28;7,428;7,404;164507,9947497834;1217953,1;77;
2015-10-19;7,391;7,428;7,428;7,539;7,28;7,391;7,406;62395,05875381002;462120,85;54;
2015-10-16;7,354;7,502;7,391;7,502;7,243;7,354;7,371;88405,96589308616;651623,85;59;
2015-10-15;7,317;7,391;7,465;7,465;7,169;7,391;7,407;71159,61825696897;527074,1;52;
2015-10-14;7,28;7,354;7,391;7,391;7,095;7,354;7,336;71926,75398378144;527667,35;46;
2015-10-13;7,059;7,243;7,317;7,317;6,948;7,243;7,206;37273,054917030866;268606,55;53;
2015-10-12;7,243;7,428;7,391;7,576;7,243;7,243;7,364;134497,69923580243;990442,05;81;
2015-10-09;7,132;7,243;7,022;7,428;6,948;7,243;7,177;127981,78096361756;918554,9;108;
2015-10-08;7,059;7,132;7,169;7,206;6,948;7,059;7,10;54381,3993007056;386091,6;61;
2015-10-07;6,837;6,948;7,317;7,317;6,541;6,837;6,847;167319,4727750326;1145650,55;138;
2015-10-06;6,948;7,022;6,837;7,798;6,467;7,022;7,197;415744,2687943329;2992288,8;341;
2015-10-05;6,837;6,874;6,874;7,022;6,80;6,874;6,894;32819,06759310384;226256,5;49;
2015-10-02;6,874;6,948;7,059;7,059;6,80;6,874;6,869;31214,44154019453;214420,85;53;
2015-10-01;7,059;7,095;6,911;7,354;6,911;7,095;7,151;56463,62484491085;403785,3;85;
2015-09-30;6,874;6,911;6,837;6,948;6,837;6,874;6,886;32762,242724451065;225615,55;40;
2015-09-29;6,80;6,837;7,317;7,317;6,578;6,837;6,799;52496,707823721896;356936,05;75;
2015-09-28;6,837;6,874;6,652;7,022;6,615;7,022;6,836;36739,983530145306;251152,25;57;
2015-09-25;6,726;6,80;6,763;7,022;6,652;6,726;6,755;248972,75010988067;1681868;72;
2015-09-24;6,726;6,763;6,985;6,985;6,726;6,726;6,769;134585,6424849079;910972,6;76;
2015-09-23;6,948;6,985;6,726;6,985;6,726;6,985;6,878;15356,244266880841;105624,95;27;
2015-09-22;6,726;6,80;6,985;7,243;6,652;6,726;6,897;162133,5270239353;1118200,35;124;
2015-09-21;6,911;6,985;6,504;6,985;6,504;6,985;6,864;104116,68910251527;714642,3;83;
2015-09-18;6,541;6,578;6,652;6,726;6,356;6,541;6,529;52205,81861514222;340865,85;123;
2015-09-17;6,615;6,689;6,578;6,689;6,541;6,615;6,637;60065,23913904625;398656,15;86;
2015-09-16;6,578;6,615;6,578;6,837;6,578;6,615;6,684;63010,66149754842;421171,15;83;
2015-09-15;6,763;6,80;6,948;6,948;6,763;6,763;6,832;13621,732799908044;93059,15;45;
2015-09-14;6,874;6,948;7,243;7,243;6,874;6,948;7,062;70744,25552657844;499570,35;82;
2015-09-11;6,985;7,059;7,169;7,169;6,837;6,985;7,026;32352,29188631319;227293,7;51;
2015-09-10;7,095;7,132;7,169;7,169;7,022;7,132;7,099;10626,25043806891;75439,55;36;
2015-09-09;7,169;7,243;7,206;7,354;7,169;7,169;7,226;32652,651906335;235937,8;47;
2015-09-08;7,095;7,28;7,022;7,28;7,022;7,28;7,104;26599,45042175131;188968,2;47;
2015-09-07;7,022;7,095;7,391;7,391;6,726;7,022;6,98;33829,73847128534;236139,1;66;
2015-09-04;7,132;7,169;7,28;7,28;7,132;7,132;7,168;32797,420024093255;235096,6;41;
2015-09-03;7,206;7,28;7,28;7,317;7,169;7,206;7,237;30086,062005517997;217747,4;42;
2015-09-02;7,169;7,206;7,317;7,317;7,132;7,169;7,206;43372,25748576204;312551,05;79;
2015-09-01;7,243;7,317;7,761;7,761;7,169;7,317;7,282;63056,662581695906;459158,3;76;
2015-08-31;7,317;7,465;7,354;7,576;7,243;7,317;7,325;403782,6339429238;2957809,1;86;
2015-08-28;7,354;7,391;7,539;7,798;7,354;7,354;7,524;71397,74151608537;537159,5;79;
2015-08-27;7,354;7,391;7,206;7,428;7,206;7,354;7,332;77648,4770678906;569297,8;89;
2015-08-26;7,206;7,243;7,095;7,28;7,095;7,206;7,197;58575,615796505655;421558,55;54;
2015-08-25;7,206;7,243;7,132;7,391;7,132;7,206;7,264;71761,69127007575;521257,35;93;
2015-08-24;7,059;7,132;7,391;7,391;7,022;7,132;7,252;223212,14298728938;1618835,65;191;
2015-08-21;7,428;7,465;7,465;7,65;7,428;7,428;7,522;104418,40209560023;785484,3;111;
2015-08-20;7,465;7,539;7,428;7,724;7,428;7,465;7,498;149048,9245301023;1117527,65;141;
2015-08-19;7,502;7,576;7,687;7,687;7,428;7,502;7,595;79257,1620399894;601932,25;103;
2015-08-18;7,465;7,539;7,428;7,761;7,428;7,465;7,568;102006,05112398363;771934,45;122;
2015-08-17;7,428;7,502;7,613;7,613;7,391;7,428;7,46;48627,20486308056;362762,3;63;
2015-08-14;7,65;7,687;7,761;7,761;7,428;7,65;7,553;113966,33300232958;860833,75;108;
2015-08-13;7,761;7,798;7,909;7,909;7,428;7,761;7,701;100134,88937763154;771090,05;122;
2015-08-12;7,909;7,945;7,945;7,945;7,687;7,909;7,849;96029,96910400013;753739,55;66;
2015-08-11;7,982;8,019;7,982;8,056;7,761;7,982;7,975;117312,2353875275;935566,95;118;
2015-08-10;7,982;8,019;8,315;8,315;7,982;8,019;8,078;86143,79493148046;695896,55;102;
2015-08-07;8,167;8,315;8,795;8,795;7,909;8,315;8,17;255534,669466213;2087637,15;373;
2015-08-06;8,795;8,869;8,352;8,943;8,352;8,869;8,778;166169,4456713455;1458576,85;214;
2015-08-05;8,278;8,352;8,204;8,315;7,945;8,315;8,125;87752,47990357925;712979,35;148;
2015-08-04;8,093;8,204;8,722;8,795;7,945;8,204;8,227;192743,18960489673;1585686,7;182;
2015-08-03;8,611;8,722;9,202;9,239;8,611;8,611;8,814;327776,666173711;2889004,15;280;
2015-07-31;9,128;9,165;8,278;9,239;8,278;9,128;8,783;229253,1677143046;2013622,4;216;
2015-07-30;8,241;8,278;8,056;8,315;8,019;8,278;8,215;200829,90960341186;1649752,4;152;
2015-07-29;7,909;8,056;7,909;8,13;7,909;7,982;8,046;199911,24089352533;1608407,9;136;
2015-07-28;7,798;7,909;7,724;8,019;7,65;7,798;7,865;32821,77353923016;258140,55;57;
2015-07-27;7,687;7,724;7,982;7,982;7,687;7,687;7,894;110324,12951629935;870920,75;110;
2015-07-24;7,761;7,835;7,982;7,982;7,761;7,835;7,935;58137,25252404139;461305,25;109;
2015-07-23;7,724;7,835;7,872;7,872;7,243;7,835;7,624;123618,44283492236;942497,3;132;
2015-07-22;7,835;7,872;7,761;7,872;7,724;7,835;7,77;37715,47710868461;293047,1;53;
2015-07-21;7,761;7,798;8,093;8,093;7,761;7,761;7,862;23566,084814143654;185274,15;50;
2015-07-20;7,909;8,056;7,982;8,13;7,835;7,909;7,992;97234,1151302137;777098,5;122;
2015-07-17;7,909;7,982;7,835;8,204;7,354;7,982;7,885;132385,70828420762;1043854,6;156;
2015-07-16;7,761;7,835;7,317;7,835;7,317;7,835;7,496;219572,64544738547;1645913,4;171;
2015-07-15;7,206;7,28;6,911;7,243;6,837;7,206;7,03;133396,37916238912;937765;160;
2015-07-14;6,837;6,911;6,874;6,911;6,652;6,837;6,784;71658,8653172755;486119,35;70;
2015-07-13;6,763;6,837;6,726;6,874;6,726;6,837;6,774;38075,36794348552;257909,25;60;
2015-07-10;6,689;6,763;6,43;6,763;6,43;6,689;6,69;56804,5740568275;380014,95;82;
2015-07-09;6,43;6,504;6,467;6,578;6,43;6,43;6,538;87069,22850668279;569243,95;63;
2015-07-08;6,504;6,578;6,541;6,578;6,43;6,504;6,519;31195,49991731027;203365,55;54;
2015-07-07;6,541;6,578;6,541;6,652;6,541;6,578;6,62;35668,42886412155;236136,75;47;
2015-07-06;6,541;6,578;6,541;6,652;6,541;6,541;6,599;39311,985323214954;259425,8;65;
2015-07-03;6,541;6,726;6,689;6,689;6,541;6,541;6,625;44587,227296480894;295390,6;38;
2015-07-02;6,652;6,689;6,985;6,985;6,578;6,652;6,682;85131,7710802358;568830,3;71;
2015-07-01;6,80;6,837;6,726;6,948;6,541;6,80;6,765;145675,96268364115;985444,4;130;
2015-06-30;6,356;6,43;6,467;6,467;6,246;6,356;6,324;108217,5504569572;684379,05;94;
2015-06-29;6,393;6,467;6,467;6,467;6,246;6,467;6,38;168458,6760942144;1074684,15;151;
2015-06-26;6,652;6,689;6,615;6,80;6,356;6,652;6,605;284723,71033085504;1880634,75;210;
2015-06-25;6,467;6,541;6,43;8,758;6,43;6,467;7,184;1153397,3595874463;8286396,3;956;
2015-06-24;6,504;6,541;6,652;6,763;6,467;6,504;6,574;73872,32924860739;485619,942;89;
2015-06-23;6,467;6,504;6,80;6,80;6,43;6,467;6,52;79732,05558515902;519868,9;85;
2015-06-22;6,541;6,615;6,652;6,726;6,282;6,541;6,425;196785,87311762272;1264313,65;143;
2015-06-18;6,615;6,652;6,726;6,763;6,615;6,615;6,665;79450,63718802147;529526,95;63;
2015-06-17;6,689;6,763;6,652;6,985;6,652;6,689;6,79;11774,92456869286;79948,65;31;
2015-06-16;6,652;6,689;6,615;6,80;6,615;6,652;6,679;37473,29493037874;250288,3;60;
2015-06-15;6,578;6,652;6,652;6,874;6,504;6,578;6,646;65394,600034838644;434597,9;81;
2015-06-12;6,948;7,022;6,837;7,169;6,689;6,948;6,996;57995,19035240945;405725,2;102;
2015-06-11;6,874;7,022;7,169;7,169;6,837;7,022;7,01;38401,43445170739;269185,15;47;
2015-06-10;6,948;7,022;7,206;7,206;6,763;7,022;6,937;94579,58198029121;656118,95;125;
2015-06-09;6,948;6,985;6,504;7,539;6,504;6,985;7,069;383101,0876994401;2708143,95;378;
2015-06-08;6,504;6,726;6,319;6,763;6,319;6,504;6,523;168813,15503676268;1103156,625;180;
2015-06-05;6,43;6,504;6,726;6,726;6,246;6,43;6,492;177600,71508199538;1153064;205;
2015-06-04;6,763;6,80;6,652;6,948;6,578;6,763;6,733;319794,1251010593;2153069,15;220;
2015-06-03;6,652;6,837;6,874;6,948;6,541;6,652;6,664;552938,4433450159;3684869,5;500;
2015-06-02;6,948;6,985;7,798;7,835;6,763;6,985;7,178;680527,8621203166;4884727,1;553;
2015-06-01;7,798;7,982;7,835;8,389;7,798;7,835;8,039;469520,8891358054;3774612,15;356;
2015-05-29;7,835;7,872;8,056;8,204;7,835;7,835;7,903;1006494,2503355178;7954004,1;434;
2015-05-28;8,019;8,056;8,093;8,093;7,909;8,019;7,987;84526,9921210027;675354,35;81;
2015-05-27;7,982;8,093;8,019;8,093;7,872;8,093;7,964;117597,71270385453;936524,7;125;
2015-05-26;7,945;8,056;8,019;8,13;7,909;7,945;8,005;112892,07239017951;903722,1;119;
2015-05-25;8,056;8,13;8,204;8,278;8,056;8,056;8,133;64009,155618161465;520568,05;108;
2015-05-22;8,13;8,167;8,278;8,426;8,13;8,167;8,25;124753,5872349147;1029220,25;140;
2015-05-21;8,167;8,241;8,241;8,278;8,13;8,167;8,18;238311,32237216955;1949464,1;148;
2015-05-20;8,204;8,241;8,204;8,315;8,13;8,241;8,169;95222,24418529283;777873,6;113;
2015-05-19;8,13;8,204;8,13;8,278;8,019;8,204;8,135;160154,1274325303;1302804,45;153;
2015-05-18;8,13;8,167;8,13;8,426;8,019;8,13;8,157;167853,89713498132;1369256,4;194;
2015-05-15;8,13;8,204;8,13;8,278;8,13;8,13;8,193;118855,97765259455;973842,1;127;
2015-05-13;7,982;8,093;7,982;8,093;7,945;8,093;8,021;30554,19068537181;245066,65;46;
2015-05-12;7,982;8,056;7,982;8,13;7,872;7,982;7,989;94931,35497671315;758409;102;
2015-05-11;7,945;7,982;8,019;8,13;7,835;7,945;7,994;117910,2494814448;942466,2;124;
2015-05-08;7,982;8,056;8,019;8,204;7,761;7,982;7,931;406167,9254532772;3221184,35;192;
2015-05-07;7,909;7,982;8,056;8,093;7,761;7,982;7,949;289341,4073954246;2300089,7;284;
2015-05-06;7,835;8,056;8,13;8,13;7,761;8,056;7,923;86155,9716890489;682579,05;100;
2015-05-05;7,982;8,019;8,056;8,13;7,761;7,982;7,928;278073,84772541723;2204680,8;186;
2015-05-04;8,056;8,13;8,13;8,13;7,761;8,056;7,994;157122,11479798582;1256106,5;184;
2015-04-30;8,019;8,13;8,093;8,241;7,982;8,13;8,096;97676,53732186745;790819,7;109;
2015-04-29;7,982;8,093;8,056;8,13;7,982;8,093;8,059;197347,35693883465;1590692,675;176;
2015-04-28;7,945;8,019;8,13;8,13;7,945;7,945;8,023;137873,36702838988;1106136,2;154;
2015-04-27;8,056;8,093;8,648;8,648;8,056;8,093;8,179;235539,08056575205;1926364,9;228;
2015-04-24;8,241;8,389;8,278;8,50;8,056;8,241;8,344;366984,47257106256;3062292,5;295;
2015-04-23;8,056;8,13;8,093;8,278;7,835;8,13;8,018;335828,208872584;2692840;381;
2015-04-22;8,056;8,093;8,204;8,241;7,909;8,056;8,075;360467,20132581453;2910842,05;343;
2015-04-21;8,204;8,241;8,389;8,389;8,13;8,204;8,224;357724,72492678655;2942095,35;348;
2015-04-20;8,389;8,463;8,832;8,832;8,204;8,389;8,455;533971,1139725575;4514307,125;551;
2015-04-17;8,426;8,537;8,167;9,017;8,13;8,463;8,567;2218380,6354434276;19004618,25;1417;
2015-04-16;8,056;8,13;6,652;9,424;6,319;8,056;8,214;7445203,761698012;61151843,05;5559;
2015-04-15;20,326;20,473;20,326;20,473;19,956;20,473;20,225;150201,6575799157;3037834,4;223;
2015-04-14;20,178;20,40;20,621;20,695;20,178;20,40;20,434;95633,54799649387;1953996,1;180;
2015-04-13;20,621;20,769;20,326;20,917;20,178;20,621;20,63;170086,30268919747;3508831,1;261;
2015-04-10;20,178;20,40;19,956;20,621;19,956;20,40;20,26;167577,8906300964;3395105,3;243;
2015-04-09;19,586;20,547;20,621;21,065;19,586;19,586;20,183;160121,65607901444;3231705,6;293;
2015-04-08;20,252;20,621;20,695;20,917;19,956;20,621;20,732;92100,9353285797;1909462;249;
2015-04-07;20,473;20,695;20,178;20,917;20,03;20,547;20,672;211445,33625697548;4371032,4;358;
2015-04-02;20,104;20,178;19,734;20,326;19,734;20,178;20,035;117120,1132125586;2346548,8;222;
2015-04-01;19,66;19,734;19,217;19,882;19,217;19,734;19,709;74782,88012011496;1473881,4;183;
2015-03-31;19,217;19,586;19,586;19,586;19,143;19,217;19,374;70626,54687008341;1368311;167;
2015-03-30;19,439;19,882;18,847;19,956;18,847;19,882;19,572;98095,95897144744;1919911,5;186;
2015-03-27;18,921;19,217;19,439;20,40;18,921;19,217;19,472;149787,64782258836;2916695,1;236;
2015-03-26;19,143;19,439;19,586;19,66;18,921;19,143;19,211;135087,59549134076;2595209,55;237;
2015-03-25;19,513;19,66;18,773;19,956;18,70;19,66;19,453;198809,92082011202;3867496,7;373;
2015-03-24;18,70;18,921;19,143;19,513;18,626;18,70;18,962;246172,09586913677;4668018,2;397;
2015-03-23;19,069;19,143;20,178;20,473;19,143;19,143;19,74;364628,94646809873;7197659,7;378;
2015-03-20;20,178;20,40;20,991;21,213;20,178;20,178;20,31;826532,597258306;16786960,5;458;
2015-03-19;20,917;20,991;21,139;21,508;20,843;20,917;21,161;86104,55871264878;1822075,5;158;
2015-03-18;21,065;21,286;21,582;21,656;21,065;21,065;21,312;118782,91710718383;2531474,4;207;
2015-03-17;21,508;21,656;20,991;21,656;18,995;21,508;20,804;428153,7377296484;8907442,9;878;
2015-03-16;20,843;20,991;21,73;21,73;20,917;20,991;21,191;125942,85055743348;2668896,4;207;
2015-03-13;21,508;21,582;21,213;21,804;21,213;21,508;21,546;143371,84955707745;3089106,4;296;
2015-03-12;21,139;21,213;21,065;21,286;21,065;21,139;21,141;83512,26232363171;1765518,8;122;
2015-03-11;20,991;21,139;21,213;21,434;20,991;20,991;21,205;98309,72871542693;2084656,3;148;
2015-03-10;21,213;21,508;21,878;21,878;21,139;21,508;21,399;118942,56792863688;2545295,4;183;
2015-03-09;21,656;21,878;22,099;22,099;21,286;21,878;21,635;193415,6172172879;4184568,5;243;
2015-03-06;22,026;22,099;22,173;22,395;21,804;22,099;22,14;402048,12247595103;8794130,6;257;
2015-03-05;21,804;22,026;21,952;22,173;21,656;21,804;21,922;210206,0129311197;4608041,4;272;
2015-03-04;21,73;21,878;20,917;22,026;20,917;21,878;21,472;357037,4146107006;7666309,8;418;
2015-03-03;20,991;21,065;22,765;23,208;20,991;20,991;22,185;707393,8482355107;15693299,8;779;
2015-03-02;22,099;22,173;21,434;23,356;21,36;22,099;22,497;825883,1701879885;18580220,1;1005;
2015-02-27;21,065;21,286;20,473;21,286;20,326;21,286;20,893;736520,6523392474;15388037,3;794;
2015-02-26;20,104;20,178;19,882;20,326;19,66;20,104;19,948;288506,6230154541;5755111,5;329;
2015-02-25;19,808;19,882;18,70;20,252;18,478;19,882;19,605;473265,9185746359;9278255,1;562;
2015-02-24;18,626;18,773;18,256;18,847;17,147;18,626;18,067;415760,50447109085;7511143,65;563;
2015-02-23;18,108;18,256;19,439;19,66;17,96;18,108;18,741;532910,383091039;10001254,6;644;
2015-02-20;18,995;19,069;20,547;20,769;18,70;19,069;19,675;770714,3405645231;15167590,3;1008;
2015-02-19;20,252;20,326;18,108;20,769;18,034;20,326;19,003;744817,0831625524;14153640,1;746;
2015-02-18;17,887;17,96;17,369;18,404;16,704;17,96;17,796;625940,8109140105;11139444;611;
2015-02-17;17,074;17,147;16,187;17,369;15,965;17,074;16,926;1060140,985262927;17944380;1070;
2015-02-16;15,891;16,039;15,891;16,26;15,521;15,891;15,847;225796,32153792746;3578288,3;280;
2015-02-13;15,521;15,595;15,891;16,039;15,226;15,521;15,57;207188,88300027;3225873,5;236;
2015-02-12;15,521;15,669;15,817;15,817;15,374;15,669;15,593;131311,44767205755;2047518,9;204;
2015-02-11;15,669;15,817;16,26;16,26;15,30;15,817;15,719;367039,9444666522;5769665;406;
2015-02-10;16,408;16,482;16,113;16,482;15,891;16,482;16,298;257512,71608455485;4196815;329;
2015-02-09;16,039;16,113;15,743;16,187;15,669;16,113;15,912;232467,8317123759;3699079,9;246;
2015-02-06;15,595;15,669;16,113;16,334;15,595;15,595;15,912;279383,52565055736;4445614,8;261;
2015-02-05;16,039;16,113;16,039;16,63;15,891;16,113;16,211;277202,53307274135;4493653,7;197;
2015-02-04;16,187;16,26;16,63;16,63;15,521;16,26;16,053;295542,08294389286;4744478,6;322;
2015-02-03;16,334;16,408;15,891;16,778;15,669;16,408;16,364;723005,8044113291;11830924,9;623;
2015-02-02;15,743;15,817;13,526;16,113;13,526;15,817;15,245;1456176,495446189;22199462,6;1209;
2015-01-30;13,526;13,674;13,378;13,821;13,304;13,526;13,60;87147,70094434614;1185215,5;132;
2015-01-29;13,378;13,526;14,043;14,265;13,23;13,378;13,502;161705,98753597634;2183418;160;
2015-01-28;13,895;14,043;13,821;14,043;13,526;13,895;13,839;107980,78017090396;1494380,7;159;
2015-01-27;13,60;13,674;14,043;14,413;13,526;13,60;13,988;176861,99178950928;2473933,4;211;
2015-01-26;14,043;14,191;14,043;14,265;13,748;14,191;14,071;182612,12730794484;2569487,5;221;
2015-01-23;13,748;13,895;14,043;14,043;13,674;13,748;13,919;122322,29464041382;1702571,2;153;
2015-01-22;14,043;14,265;14,339;14,708;14,043;14,265;14,322;213412,55909081202;3056541,8;283;
2015-01-21;14,117;14,265;14,117;14,634;13,526;14,265;14,011;156898,8742425642;2197888,2;224;
2015-01-20;13,895;14,043;13,008;14,339;12,934;14,043;13,687;451342,3430591701;6177518,2;536;
2015-01-19;12,713;13,008;13,304;13,304;12,565;12,713;12,792;139621,4082259943;1785976,1;172;
2015-01-16;12,934;13,452;13,304;13,60;12,713;12,934;13,317;186459,9826995756;2483007,5;222;
2015-01-15;12,934;13,082;13,082;13,156;12,269;13,082;12,721;125572,13593812728;1597352,8;198;
2015-01-14;12,565;12,934;13,156;13,156;12,565;12,565;12,88;137586,53673899968;1772095,1;181;
2015-01-13;13,008;13,082;13,378;13,452;12,861;13,008;13,088;134493,64031661296;1760326;233;
2015-01-12;13,23;13,526;13,23;13,526;13,156;13,23;13,326;106290,91681501549;1416400,4;155;
2015-01-09;13,082;13,156;13,452;13,526;13,082;13,156;13,257;114147,6313927932;1513213,6;246;
2015-01-08;13,526;13,674;13,378;13,821;13,008;13,526;13,364;196451,68877102187;2625395,4;350;
2015-01-07;13,304;13,526;14,043;14,043;13,23;13,304;13,48;261131,91902851133;3520081,5;441;
2015-01-05;14,043;14,265;14,413;14,782;13,969;14,265;14,166;159757,70632502405;2263113,7;224;
2015-01-02;14,265;14,413;14,043;14,634;14,043;14,339;14,431;237996,079648453;3434564,2;307;
2014-12-30;13,821;13,895;14,561;14,561;13,674;13,895;13,952;340209,1356511003;4746765,5;392;
2014-12-29;14,265;14,413;15,078;15,078;13,60;14,413;14,04;582005,7166339734;8171453,6;686;
2014-12-23;14,708;14,93;14,708;15,004;14,634;14,93;14,805;335020,48395387665;4959706,1;406;
2014-12-22;14,487;14,634;14,043;15,374;14,043;14,487;14,648;712951,8615789774;10457667;854;
2014-12-19;13,895;14,043;13,008;14,191;12,787;13,895;13,511;674934,6714772078;9118737,5;755;
2014-12-18;12,491;12,565;12,269;12,934;12,048;12,565;12,454;1058457,8867723541;13182383;1090;
2014-12-17;12,121;12,343;11,90;12,491;11,53;12,269;12,053;386656,700909428;4660285,8;858;
2014-12-16;11,826;11,90;11,974;12,048;11,456;11,90;11,775;470853,5676030193;5544307,4;523;
2014-12-15;11,826;12,048;12,565;12,713;11,826;11,826;12,295;480770,8601559917;5911163,2;482;
2014-12-12;12,639;12,787;13,23;13,23;12,343;12,713;12,678;211855,28709511337;2685894,9;233;
2014-12-11;13,008;13,23;14,413;14,413;12,491;13,23;13,271;231788,6392346689;3076173,6;355;
2014-12-10;13,674;13,821;13,526;14,487;13,304;13,821;13,961;128034,54691308086;1787509,7;204;
2014-12-09;13,748;13,821;14,487;14,487;13,378;13,748;13,797;213785,97965624454;2949641,5;421;
2014-12-08;14,413;14,487;15,374;15,374;14,117;14,487;14,619;179140,39842787295;2618932,4;329;
2014-12-05;15,152;15,447;15,521;16,113;15,152;15,152;15,524;119973,5334027658;1862417,3;128;
2014-12-04;15,374;15,521;15,669;15,817;15,374;15,521;15,55;35558,83804600549;552922,2;81;
2014-12-03;15,817;16,039;16,039;16,26;15,078;15,891;15,754;85637,78300585813;1349149,3;129;
2014-12-02;15,558;15,768;15,907;15,907;15,00;15,768;15,495;123768,79987680026;1917850,6;172;
2014-12-01;15,698;15,768;16,186;16,186;15,349;15,768;15,693;71007,38969215029;1114316,8;111;
2014-11-28;15,698;16,047;15,907;16,047;15,489;16,047;15,751;54725,038772652755;861985,5;81;
2014-11-27;15,558;15,768;15,768;15,907;15,558;15,558;15,699;50294,69135256764;789567,2;98;
2014-11-26;15,768;15,838;16,186;16,186;15,698;15,768;15,946;98961,14761318553;1578021,8;136;
2014-11-25;16,186;16,396;16,465;16,605;16,186;16,186;16,364;68706,93430255577;1124338,2;106;
2014-11-24;16,326;16,465;16,884;16,954;16,047;16,465;16,509;153898,31560556413;2540800,6;200;
2014-11-21;16,884;17,024;17,093;17,093;16,535;17,024;16,79;46092,23951313394;773877,8;73;
2014-11-20;16,884;17,093;16,954;17,233;16,745;17,093;16,956;47776,37352109254;810103;80;
2014-11-19;16,884;17,442;17,303;17,442;16,745;17,303;17,068;37486,67305885022;639836,5;72;
2014-11-18;17,303;17,512;17,861;17,931;17,093;17,303;17,494;47511,211996435224;831176,1;118;
2014-11-17;17,791;17,861;18,14;18,14;17,721;17,791;17,891;60977,11753241052;1090925;105;
2014-11-14;17,652;17,791;17,442;18,00;17,163;17,791;17,677;173232,17401692877;3062210;239;
2014-11-13;17,163;17,303;16,745;18,14;16,605;17,163;17,373;618801,0002178406;10750892,68;651;
2014-11-12;15,768;15,838;15,489;16,186;15,419;15,838;15,686;91573,89086678673;1436471,2;99;
2014-11-11;15,349;15,489;16,117;16,117;15,349;15,419;15,628;118611,76654860023;1853703,7;150;
2014-11-10;15,977;16,186;15,768;16,326;15,768;16,186;16,07;76041,15874402311;1221973,3;91;
2014-11-07;16,047;16,256;16,396;16,396;15,628;16,047;16,102;119726,87825769963;1927857,1;182;
2014-11-06;16,326;16,465;15,558;16,605;15,419;16,465;16,093;266613,46316800126;4290679;348;
2014-11-05;15,419;15,489;14,233;15,838;13,186;15,419;14,787;708448,5284406304;10473473,05;875;
2014-11-04;16,605;16,675;15,349;18,768;15,00;16,675;17,396;1026755,589166959;17861264,7;1260;
2014-11-03;15,14;15,21;15,768;15,768;15,07;15,14;15,313;84808,6887241786;1298675,6;127;
2014-10-31;15,349;15,558;15,558;15,558;15,14;15,558;15,387;22962,98803532306;353337,4;54;
2014-10-30;15,279;15,489;15,698;15,698;15,07;15,279;15,348;65142,30342783832;999833;103;
2014-10-29;15,349;15,698;16,047;16,047;14,931;15,558;15,577;128943,03287146451;2008505,9;163;
2014-10-28;15,977;16,047;15,977;16,535;15,977;16,047;16,119;81901,94509171901;1320644,75;77;
2014-10-27;15,838;15,977;16,605;16,605;15,698;15,838;16,033;86967,24686544298;1394357,3;121;
2014-10-24;16,465;16,745;17,372;17,372;16,465;16,535;16,997;45286,7218003912;769753,6;92;
2014-10-23;16,745;17,024;16,535;17,163;16,396;16,884;16,83;39990,657834938436;673057,4;82;
2014-10-22;16,326;16,745;16,186;17,093;15,698;16,396;16,48;138331,184149872;2279756,9;186;
2014-10-21;15,698;15,838;14,721;16,047;14,442;15,838;15,156;189461,49263149482;2872416;337;
2014-10-20;14,651;15,00;15,00;15,14;14,372;15,00;14,759;134988,71563365118;1992235,4;211;
2014-10-17;14,931;15,00;14,651;15,279;14,651;14,931;14,977;185472,60331732567;2777914,3;245;
2014-10-16;14,582;14,651;15,628;15,628;14,024;14,651;14,501;200224,18392150424;2903499,1;301;
2014-10-15;15,279;15,558;15,349;15,838;14,861;15,558;15,555;149377,66993654167;2323549,4;243;
2014-10-14;15,14;15,21;15,628;15,698;15,07;15,21;15,386;49899,09902388971;767746,6;144;
2014-10-13;15,558;15,698;16,465;16,465;15,349;15,558;15,808;281183,01396876643;4444831;236;
2014-10-10;16,256;16,396;16,745;16,745;15,558;16,256;16,249;159224,47898732935;2587292,3;383;
2014-10-09;16,884;16,954;17,093;17,442;16,814;16,884;17,036;106195,04066694468;1809129,7;257;
2014-10-08;16,814;16,954;18,14;18,14;16,605;16,814;17,079;240858,39594331366;4113646,2;374;
2014-10-07;18,14;18,21;18,838;19,047;18,07;18,21;18,535;130578,43449110772;2420301;305;
2014-10-06;18,768;18,838;19,745;19,745;18,489;18,838;19,025;73862,5343252171;1405241,7;190;
2014-10-03;19,605;19,745;19,884;20,233;19,535;19,605;19,757;94737,19619067151;1871681,9;157;
2014-10-02;19,814;19,884;20,233;20,512;19,814;19,814;20,146;113352,96852715336;2283581,7;189;
2014-10-01;20,303;20,372;20,652;21,21;20,233;20,303;20,484;74637,9526216474;1528860,3;115;
2014-09-30;20,582;20,721;21,21;21,628;20,582;20,582;21,202;440847,51775647304;9348133,85;139;
2014-09-29;21,21;21,349;21,489;21,907;20,931;21,21;21,397;79628,72250735959;1703526,7;210;
2014-09-26;21,559;21,698;20,303;21,768;20,303;21,698;21,37;145967,83606000253;3118682,1;237;
2014-09-25;20,442;20,582;20,372;20,791;19,954;20,582;20,404;274566,8756021819;5608356,5;230;
2014-09-24;20,163;20,303;20,024;20,372;20,024;20,233;20,241;153402,39188917802;3104982,2;98;
2014-09-23;19,954;20,233;20,303;20,442;19,884;20,163;20,123;176831,20422457473;3558423,4;176;
2014-09-22;20,233;20,303;20,372;20,372;20,093;20,233;20,274;94466,30144385945;1915232,9;146;
2014-09-19;20,372;20,512;20,233;20,582;20,233;20,372;20,342;104205,61257924551;2119724,4;207;
2014-09-18;20,093;20,163;19,954;20,582;19,954;20,163;20,173;102485,64593281972;2067480,6;172;
2014-09-17;19,884;19,954;20,442;20,512;19,186;19,884;19,77;170989,05084888177;3380448;261;
2014-09-16;20,093;20,163;20,024;20,861;19,884;20,093;20,239;115905,685691557;2345766,5;201;
2014-09-15;19,884;20,024;20,861;20,861;19,535;19,884;20,072;302219,63936009263;6066137,8;401;
2014-09-12;21,00;21,14;20,861;24,00;20,652;21,00;21,885;350894,69545394263;7679337,1;541;
2014-09-11;20,791;20,861;21,698;21,698;20,582;20,861;20,997;168882,09170701017;3545964,1;268;
2014-09-10;21,489;21,559;22,326;22,326;20,582;21,489;21,359;204502,60095448841;4368003,7;239;
2014-09-09;22,326;22,396;22,675;22,675;22,326;22,326;22,453;47872,404992184645;1074880,8;97;
2014-09-08;22,535;22,675;23,024;23,024;22,326;22,675;22,654;37536,8387527043;850346,6;87;
2014-09-05;22,745;22,884;23,163;23,163;22,675;22,745;22,783;113565,09774687922;2587317,7;197;
2014-09-04;23,163;23,303;23,791;23,791;22,884;23,163;23,307;128669,27151357507;2998937,8;163;
2014-09-03;23,233;23,303;23,652;23,652;23,093;23,233;23,356;97358,71202093216;2273928,5;165;
2014-09-02;23,582;23,652;22,814;24,07;22,675;23,652;22,957;383556,8620695685;8805416,8;134;
2014-09-01;22,814;23,093;23,233;23,233;22,466;22,814;22,848;61935,9989377929;1417093,8;119;
2014-08-29;22,745;22,814;22,535;23,233;22,326;22,814;22,776;95257,48610121531;2169623,1;191;
2014-08-28;22,535;22,675;23,093;23,093;22,326;22,535;22,668;67861,28403472976;1538251,6;120;
2014-08-27;22,954;23,024;22,396;23,512;22,396;23,024;23,063;170253,76510753477;3925559,4;264;
2014-08-26;22,396;22,535;22,256;22,745;22,256;22,396;22,518;74778,41656443884;1684166,1;154;
2014-08-25;22,396;22,466;23,093;23,303;21,977;22,396;22,465;152691,4723419887;3430195,6;355;
2014-08-22;23,093;23,303;23,512;23,721;23,093;23,093;23,341;127018,10353300631;2964767,3;191;
2014-08-21;23,582;23,652;24,07;24,07;23,442;23,652;23,63;146404,9942493024;3459517;141;
2014-08-20;23,861;24,00;24,07;24,28;23,861;23,861;24,035;158380,262025042;3806736,1;209;
2014-08-19;24,07;24,14;24,21;24,419;24,00;24,14;24,223;135603,60370974842;3284679,9;213;
2014-08-18;23,861;24,00;23,652;24,07;23,582;24,00;23,797;117343,29114686121;2792398,4;199;
2014-08-15;23,512;23,652;24,419;24,559;23,512;23,512;24,084;116919,03270740952;2815841,3;171;
2014-08-14;24,21;24,28;24,838;24,838;23,442;24,28;24,475;300079,7141908312;7344390,8;411;
2014-08-13;24,559;24,628;22,675;24,698;22,675;24,559;23,922;614438,0181580739;14698756,4;703;
2014-08-12;22,186;22,256;21,628;22,814;21,349;22,256;22,191;350952,0276754901;7787803,4;474;
2014-08-11;21,07;21,21;20,931;21,419;20,442;21,07;21,087;109795,50418012935;2315209;184;
2014-08-08;20,582;20,652;20,233;20,931;19,954;20,582;20,46;161289,872268579;3299991,6;264;
2014-08-07;19,954;20,093;20,372;20,791;19,256;19,954;20,184;91376,09470244776;1844323,4;196;
2014-08-06;20,512;20,721;20,861;20,861;20,372;20,512;20,597;84411,66308996198;1738639,8;148;
2014-08-05;20,931;21,07;20,931;21,14;20,721;20,931;20,96;28200,286473689608;591075,8;65;
2014-08-04;20,861;21,07;21,07;21,07;20,721;20,861;20,90;33535,04968868695;700867,6;94;
2014-08-01;20,791;21,00;20,931;21,279;20,791;21,00;20,921;22295,067654294376;466438,8;63;
2014-07-31;20,861;21,00;21,14;21,14;20,791;21,00;20,846;35398,34688898156;737918,2;35;
2014-07-30;21,07;21,21;21,279;21,279;20,861;21,07;20,975;58765,527086214686;1232589,4;108;
2014-07-29;21,14;21,349;20,931;21,349;20,931;21,349;21,165;49944,96480112773;1057093,8;95;
2014-07-28;20,861;20,931;21,489;21,489;20,791;20,931;20,959;61471,607943257935;1288356,2;81;
2014-07-25;21,00;21,489;21,21;21,698;21,00;21,00;21,395;96106,0029801187;2056203,1;155;
2014-07-24;20,791;20,861;20,233;20,861;20,233;20,791;20,602;61134,781141666215;1259475,4;143;
2014-07-23;20,303;20,442;20,233;20,582;19,954;20,303;20,347;40348,98421961048;820986,3;104;
2014-07-22;20,233;20,303;20,024;20,582;19,954;20,233;20,207;35441,34605514221;716163,7;93;
2014-07-21;20,163;20,233;20,233;20,372;20,093;20,233;20,218;57383,82054691929;1160178,4;102;
2014-07-18;20,233;20,303;20,582;20,652;20,233;20,233;20,364;49374,509196729836;1005471,5;79;
2014-07-17;20,582;20,652;20,582;20,861;20,512;20,582;20,624;35384,01383359468;729755,6;53;
2014-07-16;20,582;20,652;21,00;21,21;20,442;20,652;20,838;52894,70759974797;1102224,8;71;
2014-07-15;20,931;21,00;20,442;21,14;20,163;21,00;20,731;141510,25583468232;2933609,2;169;
2014-07-14;20,303;20,372;19,745;20,582;19,745;20,303;20,302;114405,01479255048;2322615,6;175;
2014-07-11;19,745;19,814;19,884;20,024;19,675;19,745;19,864;70240,57122895212;1395288,4;110;
2014-07-10;19,814;19,884;20,372;20,442;19,605;19,814;19,99;140711,90464963304;2812821,1;215;
2014-07-09;20,442;20,582;20,512;20,721;20,233;20,442;20,508;20917,66103161505;428985,4;74;
2014-07-08;20,372;20,442;20,442;20,721;20,303;20,372;20,538;98111,19742874344;2015016,5;161;
2014-07-07;20,442;20,582;20,861;20,931;20,442;20,442;20,749;41868,28809061993;868725,3;89;
2014-07-04;20,861;20,931;21,21;21,21;20,582;20,931;20,973;80988,92946357465;1698621,4;105;
2014-07-03;20,931;21,00;20,233;21,14;20,233;21,00;20,691;161648,19865325102;3344681,5;216;
2014-07-02;20,093;20,163;20,303;20,512;19,884;20,093;20,062;172815,0821051705;3467076,7;188;
2014-07-01;20,233;20,372;20,861;20,861;20,233;20,233;20,471;56285,90850428416;1152205;124;
2014-06-30;20,512;20,652;20,303;20,652;20,163;20,652;20,395;99143,17741659892;2022028,5;235;
2014-06-27;20,303;20,442;20,791;20,791;20,233;20,303;20,403;75851,96241291627;1547611;167;
2014-06-26;20,582;21,07;20,233;21,14;20,233;20,582;20,70;137697,66310177182;2850324,8;207;
2014-06-25;20,163;20,372;20,442;20,582;20,093;20,163;20,268;153313,52694577936;3107346,6;324;
2014-06-24;20,442;20,791;21,349;21,349;20,442;20,442;20,747;123143,87866193222;2554921,5;205;
2014-06-23;21,07;21,14;20,233;21,21;20,163;21,14;20,716;126350,18315197763;2617429;185;
2014-06-19;20,233;20,582;21,349;21,489;20,233;20,233;20,577;384593,14197404;7913268,4;430;
2014-06-18;20,931;21,00;21,698;21,838;20,931;21,00;21,34;155467,78517042767;3317619,2;287;
2014-06-17;21,628;21,698;22,047;22,326;21,559;21,628;21,833;121927,00225958596;2662021,98;204;
2014-06-16;21,977;22,186;22,396;22,466;21,698;21,977;22,07;283568,03438514354;6258311,8;453;
2014-06-13;22,675;22,745;23,721;23,721;22,326;22,745;22,915;366051,90152556996;8387989,2;396;
2014-06-12;23,582;23,721;24,14;24,14;23,582;23,721;23,813;84329,96467425675;2008121,3;149;
2014-06-11;24,14;24,28;24,00;24,768;23,373;24,14;24,079;219456,277639622;5284236,1;236;
2014-06-10;23,861;24,00;24,00;24,419;23,861;24,00;24,141;279088,954576743;6737518;237;
2014-06-09;23,582;23,721;23,024;23,931;23,024;23,721;23,472;129024,73128716975;3028492,6;200;
2014-06-05;22,675;22,814;23,303;23,512;22,675;22,675;23,108;82624,33108321784;1909281,5;181;
2014-06-04;23,233;23,373;23,582;23,931;23,233;23,233;23,535;129047,66417578875;3037176,8;204;
2014-06-03;23,582;23,652;23,931;23,931;23,442;23,582;23,632;135240,9774084603;3195953,2;135;
2014-06-02;23,721;23,861;23,582;24,07;23,582;23,721;23,878;110933,54877784775;2648888,4;178;
2014-05-30;23,512;23,582;23,791;24,07;23,512;23,512;23,654;145590,87670332752;3443768,8;233;
2014-05-28;23,861;24,00;23,024;24,28;22,675;23,861;23,365;167514,71822310166;3914070,3;289;
2014-05-27;23,093;23,163;24,21;24,21;23,093;23,163;23,742;282788,31617209717;6714033,5;373;
2014-05-26;23,931;24,21;24,977;24,977;24,00;24,21;24,533;247907,39258258205;6081863,1;312;
2014-05-23;24,768;24,838;23,024;26,373;20,931;24,768;22,795;2154937,6114736474;48966164,55;1756;
2014-05-22;24,907;25,047;25,605;25,675;24,907;24,907;25,184;167453,08608493808;4217179,4;254;
2014-05-21;25,535;25,745;25,256;26,512;25,117;25,535;25,875;226366,24364163764;5857186,4;305;
2014-05-20;25,326;25,466;25,466;25,814;24,977;25,326;25,325;152800,403562929;3869636,6;249;
2014-05-19;25,535;25,675;24,907;25,884;24,07;25,675;25,069;210063,8264445985;5266039,2;351;
2014-05-16;24,698;24,977;25,117;25,675;24,698;24,698;25,157;133007,88737918416;3346027,2;192;
2014-05-15;24,977;25,466;24,838;25,466;24,419;25,466;24,986;93877,21286745861;2345623,8;187;
2014-05-14;24,559;24,768;24,768;25,047;24,489;24,768;24,728;49021,916034212554;1212209,7;146;
2014-05-13;24,768;24,907;25,117;25,396;24,628;24,768;24,995;41087,136572034884;1026962,4;111;
2014-05-12;24,977;25,117;25,117;25,117;24,628;25,117;24,895;81430,3875694906;2027225,6;228;
2014-05-09;24,977;25,047;24,628;25,117;24,628;24,977;24,887;33724,24601979379;839292,5;114;
2014-05-08;25,047;25,117;24,977;25,117;24,768;25,117;24,939;67967,34864459268;1695029,7;167;
2014-05-07;24,768;24,977;25,047;25,814;24,768;24,768;25,182;127185,80028103283;3202804,6;259;
2014-05-06;25,047;25,187;24,14;25,884;24,14;25,187;25,075;207806,37022116463;5210733,1;395;
2014-05-05;24,21;24,349;24,419;24,419;23,721;24,349;24,103;103639,45689146369;2498035,6;301;
2014-05-02;24,28;24,419;24,14;24,698;24,00;24,419;24,409;101291,70241909248;2472475,1;238;
2014-04-30;23,861;24,00;23,931;24,07;23,512;24,00;23,833;41280,63281975778;983835,6;102;
2014-04-29;24,00;24,14;23,931;24,21;23,582;24,00;23,905;118970,09293327229;2843964;229;
2014-04-28;23,721;23,861;23,582;23,931;23,303;23,861;23,711;120996,78696497735;2868906,9;281;
2014-04-25;23,303;23,442;23,512;24,00;23,024;23,303;23,527;85462,2760498204;2010662,1;181;
2014-04-24;23,652;23,721;25,047;25,187;23,512;23,721;24,237;236392,21588476136;5729510,5;368;
2014-04-23;24,698;24,838;22,675;24,838;22,326;24,838;23,998;564088,8611950361;13536830,9;720;
2014-04-22;22,466;22,605;23,024;23,024;22,396;22,605;22,584;130631,46679603918;2950155,1;299;
2014-04-17;22,745;22,814;22,605;22,884;22,466;22,814;22,782;16818,407190966903;383156,2;59;
2014-04-16;22,466;22,605;22,535;22,884;22,466;22,605;22,632;78492,11121517987;1776405,6;150;
2014-04-15;22,466;22,605;22,675;23,163;22,466;22,466;22,788;62864,780926862826;1432542,2;180;
2014-04-14;22,745;22,814;23,791;23,861;22,396;22,745;22,925;229645,64671415617;5264564;304;
2014-04-11;23,861;23,931;24,489;24,489;23,442;23,861;23,811;251343,02595881757;5984849,8;328;
2014-04-10;24,489;24,559;24,838;25,187;24,419;24,489;24,824;182557,25985163395;4531719;279;
2014-04-09;24,559;24,628;24,00;25,047;23,931;24,559;24,304;308440,18539799924;7496230,6;391;
2014-04-08;23,861;24,00;23,861;24,00;23,024;24,00;23,416;172395,12358233487;4036798,6;534;
2014-04-07;23,582;23,721;25,047;25,047;23,512;23,721;24,111;479988,22540696943;11571707;650;
2014-04-04;24,907;25,047;25,047;25,256;24,698;24,907;25,009;299754,35383354895;7496423,1;372;
2014-04-03;24,628;24,768;24,698;25,187;24,559;24,628;24,919;348764,803423452;8690870,6;514;
2014-04-02;24,489;24,628;24,349;24,907;23,373;24,489;24,221;970967,0376845996;23518906,7;1000;
2014-04-01;23,931;24,00;21,698;24,907;21,698;24,00;23,743;1935750,7952752986;45964186;2691;
2014-03-31;19,954;20,093;20,024;20,652;19,884;20,093;20,209;242495,23086849553;4900660,3;338;
2014-03-28;19,954;20,024;19,326;20,093;19,186;19,954;19,619;287253,0629251108;5635669,3;254;
2014-03-27;19,256;19,326;19,535;19,675;19,256;19,256;19,496;312844,73331838793;6099120;307;
2014-03-26;19,605;19,675;19,954;20,093;19,396;19,605;19,745;216393,30370344542;4272708,6;305;
2014-03-25;19,814;19,884;20,163;20,512;19,605;19,814;20,014;309965,22249116347;6203664,4;385;
2014-03-24;20,093;20,163;21,628;21,628;20,093;20,093;20,734;308328,38756598153;6392971,5;498;
2014-03-21;21,698;21,768;22,117;22,326;21,489;21,698;22,073;228557,76781029184;5044970;216;
2014-03-20;22,117;22,186;21,698;22,396;21,628;22,117;21,991;100817,2782857867;2217073,3;167;
2014-03-19;21,768;21,838;22,814;22,814;21,698;21,838;21,98;281284,7786620133;6182622,2;319;
2014-03-18;22,396;22,535;21,838;22,605;21,419;22,396;22,162;394763,8780765712;8748754,3;536;
2014-03-17;21,559;21,628;21,977;22,535;21,419;21,628;21,946;385097,6655236583;8451524,3;516;
2014-03-14;21,907;21,977;23,024;23,093;21,349;21,907;22,075;602514,349381727;13302491,55;590;
2014-03-13;23,233;23,303;24,21;24,21;23,233;23,233;23,593;320802,4456691847;7568698,5;389;
2014-03-12;24,07;24,21;24,21;24,559;23,721;24,21;24,101;135500,40571096286;3265685,6;269;
2014-03-11;24,349;24,419;24,489;24,628;24,00;24,349;24,223;201068,40088379156;4870396,7;286;
2014-03-10;24,559;24,698;25,047;25,047;24,419;24,698;24,725;127492,5276663121;3152308,6;308;
2014-03-07;24,768;24,838;25,117;25,117;24,768;24,768;24,924;192611,8982055314;4800721,4;412;
2014-03-06;24,977;25,117;25,396;25,675;24,907;24,977;25,131;408128,01891929964;10256514,5;312;
2014-03-05;25,326;25,396;26,024;26,163;25,326;25,326;25,695;414718,35778618784;10758173,1;340;
2014-03-04;26,094;26,163;26,163;27,001;26,094;26,163;26,44;259186,0738665192;6852776,2;349;
2014-03-03;25,466;25,605;26,442;26,652;25,466;25,466;25,865;299461,9595036566;7745666,2;489;
2014-02-28;27,489;27,559;27,559;27,698;27,21;27,559;27,52;117396,32345179267;3230693,1;235;
2014-02-27;27,489;27,559;27,908;27,908;26,791;27,559;27,241;338991,0929551374;9234440,3;457;
2014-02-26;27,908;27,977;27,14;28,256;27,14;27,908;27,792;413766,6429084989;11498646,65;568;
2014-02-25;27,07;27,14;27,001;27,14;26,652;27,14;26,894;232926,48309221337;6264360,7;365;
2014-02-24;26,861;26,931;25,954;26,931;25,814;26,931;26,477;283119,4097515342;7496148;405;
2014-02-21;26,024;26,094;25,884;26,094;25,466;26,094;25,905;272895,6413440715;7069238,7;470;
2014-02-20;25,605;25,745;25,256;25,745;24,907;25,745;25,476;313342,09034031274;7982680,3;491;
2014-02-19;25,326;25,396;25,396;25,814;24,00;25,396;25,173;758284,5620208179;19088525,9;944;
2014-02-18;25,396;25,466;25,675;25,675;24,419;25,466;25,196;292063,2363129483;7358936,3;523;
2014-02-17;25,187;25,396;25,814;26,442;25,256;25,256;25,634;312331,6099355376;8006368,8;438;
2014-02-14;25,326;25,396;24,28;25,605;24,00;25,326;24,855;421460,62704017694;10475542,9;562;
2014-02-13;24,21;24,28;24,559;25,396;23,931;24,28;24,402;359116,1360238579;8763078,9;563;
2014-02-12;24,559;24,768;26,303;26,303;24,489;24,559;25,144;394666,4132999404;9923393,1;576;
2014-02-11;25,954;26,024;24,768;26,652;24,28;26,024;25,784;508082,4472707961;13100278,5;820;
2014-02-10;24,28;24,349;24,21;24,628;24,07;24,349;24,34;365848,37213907623;8904723,7;373;
2014-02-07;24,07;24,14;25,745;25,814;23,791;24,07;24,478;583394,0534956269;14279866,75;806;
2014-02-06;25,396;25,466;24,00;25,745;23,721;25,396;24,772;610744,3897848744;15129326,05;734;
2014-02-05;23,791;23,931;23,861;24,21;23,093;23,931;23,698;870757,4809472167;20635394,2;726;
2014-02-04;23,721;23,791;22,117;23,861;21,977;23,721;23,08;510305,5041613014;11778046,2;640;
2014-02-03;22,535;22,605;24,14;24,768;22,535;22,535;23,454;849477,1936143136;19923701,1;994;
2014-01-31;24,00;24,07;23,303;24,28;22,814;24,07;23,553;1323984,4586413393;31183988,4;1445;
2014-01-30;22,954;23,024;24,14;24,14;21,628;22,954;22,74;1821380,1798156765;41418167,3;1914;
2014-01-29;24,14;24,21;25,466;25,954;24,07;24,14;24,886;951706,2778557081;23684075;1125;
2014-01-28;25,326;25,396;27,28;27,349;24,838;25,326;25,617;1397788,2274394703;35807452,1;1870;
2014-01-27;26,931;27,001;28,745;29,582;26,373;26,931;27,445;1913907,218865691;52525946,15;2560;
2014-01-24;28,675;28,884;53,722;54,245;27,419;28,675;32,57;8033740,609790856;261239816,979;9412;
2014-01-23;52,675;53,024;50,931;54,071;50,757;53,024;52,464;652472,2139327029;34234473,25;1077;
2014-01-22;50,757;50,931;51,28;51,803;50,757;50,931;51,22;391528,90747575205;20054247,5;582;
2014-01-21;50,931;51,106;50,059;51,28;49,361;50,931;50,422;287088,23278816166;14475475,25;361;
2014-01-20;49,536;49,885;51,629;51,629;49,536;49,536;50,096;112877,1110883089;5654731;222;
2014-01-17;51,106;51,28;50,408;51,803;50,408;51,106;51,405;203526,51988264176;10462320;288;
2014-01-16;51,106;51,28;51,106;51,629;50,234;51,106;50,865;178776,19984057458;9093440,75;260;
2014-01-15;50,582;50,757;49,885;51,28;49,71;50,582;50,718;354490,8590505112;17978969,5;506;
2014-01-14;49,536;49,71;48,489;49,71;47,617;49,71;48,79;171351,67715016988;8360215;349;
2014-01-13;48,664;48,838;49,013;49,536;48,664;48,664;49,054;145368,71434483086;7130973,75;307;
2014-01-10;48,664;48,838;49,013;49,013;48,489;48,838;48,809;102287,84976848075;4992600,75;244;
2014-01-09;48,838;49,013;49,885;49,885;48,838;49,013;49,189;200753,0736652802;9874902;280;
2014-01-08;49,536;49,71;49,885;50,408;49,187;49,71;49,655;156183,00463423305;7755211,25;333;
2014-01-07;49,885;50,059;50,582;50,582;49,536;50,059;50,349;185775,03078598887;9353677,75;295;
2014-01-03;50,408;50,582;50,059;51,629;50,059;50,582;50,724;100652,44814883756;5105546,5;259;
2014-01-02;50,059;50,234;48,838;50,408;48,838;50,059;49,784;124449,62000767713;6195516,25;311;
