Date;Bid;Ask;Opening price;High price;Low price;Closing price;Average price;Total volume;Turnover;Trades
2018-05-29;8.525;8.55;8.58;8.64;8.4;8.505;8.505;835324;7103972.82;601
2018-05-28;8.56;8.585;8.75;8.795;8.54;8.55;8.641;781695;6754246.67;612
2018-05-25;8.75;8.77;9.005;9.075;8.58;8.75;8.802;1565406;13778929.04;993
2018-05-24;9.08;9.1;9.405;9.5;9.015;9.085;9.287;1264706;11744392.28;852
2018-05-23;9.315;9.33;9.8;9.8;9.15;9.255;9.411;2116939;19918427.01;1237
2018-05-22;9.855;9.9;10.05;10.12;9.75;9.85;9.902;2915325;28867663.18;1794
2018-05-21;10.05;10.09;8.71;10.15;8.71;10.15;9.654;5709714;55120894.6;3433
2018-05-18;8.46;8.485;8.4;8.5;8.31;8.5;8.412;1285947;10817050.72;747
2018-05-17;8.335;8.38;8.36;8.5;8.305;8.335;8.406;1278003;10745145.89;784
2018-05-16;8.265;8.29;8.15;8.35;8.135;8.35;8.24;685589;5649157.65;505
2018-05-15;8.12;8.13;8.19;8.29;8.115;8.13;8.19;1134454;9292745.83;887
2018-05-14;8.205;8.23;8.285;8.3;8.18;8.215;8.224;1320747;10860468.95;768
2018-05-11;8.145;8.16;8.225;8.28;8.055;8.205;8.195;4337686;35554987.21;1977
2018-05-09;7.96;7.995;7.955;8.015;7.925;8;7.99;826980;6607361.28;327
2018-05-08;7.865;7.9;8.015;8.03;7.865;7.865;7.947;857311;6812789.41;582
2018-05-07;8.005;8.04;7.905;8.045;7.905;8.01;8.006;930355;7448583.17;565
2018-05-04;7.85;7.865;7.965;7.98;7.85;7.85;7.888;427814;3374537.82;288
2018-05-03;7.885;7.915;7.945;8.01;7.83;7.995;7.949;422250;3356470.62;367
2018-05-02;7.905;7.995;8.1;8.25;7.91;7.91;8.049;1197135;9639581.59;741
2018-04-30;8.005;8.04;8.015;8.08;7.95;8.08;8.004;249678;1998435.85;200
2018-04-27;7.945;8.01;7.91;8.05;7.785;8.015;7.925;1063078;8424990.65;488
2018-04-26;7.835;7.875;7.84;7.93;7.78;7.84;7.868;425381;3346926.22;337
2018-04-25;7.765;7.82;7.9;7.9;7.75;7.78;7.805;582732;4548389.93;493
2018-04-24;7.88;7.89;8;8.02;7.87;7.905;7.956;531026;4224741.94;443
2018-04-23;7.96;7.975;8.095;8.095;7.91;7.95;7.977;427089;3407075.97;305
2018-04-20;8.01;8.04;8.07;8.135;7.995;8.01;8.045;377664;3038216.98;341
2018-04-19;8.055;8.09;7.985;8.13;7.985;8.07;8.071;902305;7282408.73;743
2018-04-18;7.95;8;8;8;7.855;7.98;7.965;232597;1852605.66;175
2018-04-17;7.92;7.96;7.895;7.975;7.82;7.955;7.924;624160;4946046.35;287
2018-04-16;7.9;7.925;8;8.1;7.895;7.895;7.952;408280;3248192.68;376
2018-04-13;7.97;8.015;7.95;8.05;7.92;7.98;7.992;462181;3694680.17;396
2018-04-12;7.955;7.99;7.925;8.19;7.925;7.95;8.032;807909;6493620.47;467
2018-04-11;7.95;7.98;7.715;7.99;7.715;7.99;7.844;497192;3899903.74;332
2018-04-10;7.755;7.78;7.705;7.825;7.665;7.8;7.745;300531;2327718.03;292
2018-04-09;7.695;7.735;7.875;7.875;7.645;7.67;7.718;626932;4840219.27;474
2018-04-06;7.87;7.9;7.9;7.95;7.76;7.9;7.842;746915;5857286.64;495
2018-04-05;7.845;7.87;7.775;7.9;7.775;7.9;7.853;436544;3428279.16;446
2018-04-04;7.76;7.8;7.875;7.9;7.675;7.775;7.758;12749518;97971952.98;575
2018-04-03;7.75;7.785;7.69;7.885;7.66;7.81;7.745;2711615;21001968.86;794
2018-03-29;7.715;7.75;7.75;7.78;7.65;7.75;7.709;653565;5038666.69;344
2018-03-28;7.69;7.71;7.78;7.9;7.68;7.695;7.735;740191;5725270.87;631
2018-03-27;7.76;7.79;7.985;7.995;7.76;7.775;7.844;1101949;8643733.49;751
2018-03-26;7.95;7.975;8.005;8.08;7.945;7.95;7.993;478746;3826435.14;380
2018-03-23;8.035;8.08;8.095;8.095;7.97;8.035;8.028;486679;3906811.63;404
2018-03-22;8.06;8.105;8.24;8.345;8.05;8.065;8.176;598561;4893909.23;431
2018-03-21;8.205;8.225;8.12;8.235;8.055;8.235;8.152;510636;4162571.94;406
2018-03-20;8.09;8.12;8.07;8.135;8.04;8.115;8.071;478201;3859327.87;404
2018-03-19;8.075;8.1;8.07;8.145;8.04;8.075;8.082;462218;3735843.64;399
2018-03-16;8.08;8.105;8.04;8.18;8.03;8.075;8.108;615744;4992258.01;601
2018-03-15;8.08;8.095;8.205;8.225;8.03;8.07;8.114;909801;7381953.66;637
2018-03-14;8.2;8.235;8.32;8.34;8.2;8.205;8.261;882845;7293422.68;714
2018-03-13;8.345;8.37;8.405;8.445;8.32;8.37;8.379;964597;8083557.74;679
2018-03-12;8.395;8.425;8.505;8.55;8.38;8.4;8.434;611882;5160359.32;446
2018-03-09;8.41;8.445;8.33;8.45;8.33;8.45;8.416;698963;5882200.54;470
2018-03-08;8.37;8.395;8.4;8.49;8.36;8.375;8.43;1063932;8973208.67;755
2018-03-07;8.36;8.38;8.495;8.495;8.34;8.375;8.398;607600;5105144.49;624
2018-03-06;8.355;8.43;8.46;8.485;8.335;8.345;8.388;665664;5584818.44;540
2018-03-05;8.41;8.465;8.38;8.49;8.35;8.455;8.416;695094;5849639.79;528
2018-03-02;8.305;8.35;8.435;8.44;8.3;8.3;8.356;814912;6809544.3;491
2018-03-01;8.465;8.505;8.52;8.615;8.415;8.505;8.502;377909;3213072.01;361
2018-02-28;8.555;8.6;8.54;8.64;8.48;8.55;8.566;597711;5120510.22;546
2018-02-27;8.55;8.635;8.695;8.695;8.5;8.555;8.577;693567;5949468.5;566
2018-02-26;8.625;8.66;8.645;8.695;8.57;8.695;8.639;547374;4728868.68;632
2018-02-23;8.6;8.635;8.605;8.68;8.55;8.65;8.591;512239;4400064.35;478
2018-02-22;8.605;8.675;8.65;8.7;8.51;8.595;8.6;487264;4190454.84;535
2018-02-21;8.645;8.67;8.62;8.705;8.5;8.695;8.654;327504;2834137.85;424
2018-02-20;8.595;8.655;8.59;8.665;8.5;8.6;8.609;660595;5686787.28;449
2018-02-19;8.615;8.645;8.71;8.82;8.605;8.605;8.699;377221;3282324.4;310
2018-02-16;8.715;8.74;8.905;8.95;8.71;8.71;8.8;639206;5624970.11;570
2018-02-15;8.805;8.845;8.755;8.91;8.7;8.9;8.838;822600;7269695.31;781
2018-02-14;8.655;8.71;8.735;8.75;8.41;8.675;8.603;482198;4148470.08;564
2018-02-13;8.635;8.66;8.87;8.87;8.6;8.6;8.697;567868;4938677.39;481
2018-02-12;8.61;8.65;8.595;8.75;8.415;8.685;8.617;798577;6881671.33;624
2018-02-09;8.35;8.37;8.645;8.775;8.3;8.3;8.507;1386991;11798992.59;867
2018-02-08;8.765;8.81;9.07;9.07;8.715;8.715;8.841;787541;6962437.55;547
2018-02-07;8.89;8.925;9.105;9.25;8.72;8.97;8.888;1791866;15926045.71;1137
2018-02-06;8.9;8.905;8.47;9.085;8.4;8.9;8.803;1349856;11882371.58;949
2018-02-05;8.99;9.015;9.09;9.18;8.81;9;8.993;947366;8519683.65;811
2018-02-02;9.14;9.175;9.305;9.52;9.1;9.12;9.197;1169395;10754872.44;736
2018-02-01;9.36;9.425;9.285;9.62;9.28;9.36;9.41;1186963;11169276.32;1000
2018-01-31;9.27;9.295;9.8;9.82;9.25;9.25;9.477;2280588;21613708.77;1426
2018-01-30;9.875;9.92;10.04;10.15;9.85;9.86;9.974;1165718;11627196.74;922
2018-01-29;10.19;10.24;10.25;10.29;10.06;10.17;10.172;636075;6469999.06;509
2018-01-26;10.28;10.33;10.35;10.47;10.25;10.25;10.327;586682;6058582.55;464
2018-01-25;10.48;10.51;10.62;10.72;10.45;10.47;10.549;675781;7128831.85;530
2018-01-24;10.57;10.6;10.62;10.64;10.5;10.55;10.564;498054;5261357.27;302
2018-01-23;10.57;10.59;10.63;10.93;10.47;10.61;10.664;1623766;17315916.62;1146
2018-01-22;10.48;10.55;10.41;10.67;10.41;10.57;10.511;760273;7991298.81;508
2018-01-19;10.42;10.45;10.28;10.48;10.2;10.4;10.322;684439;7064741.86;493
2018-01-18;10.32;10.33;10.53;10.63;10.3;10.35;10.427;971514;10129846.91;679
2018-01-17;10.51;10.53;10.7;10.74;10.42;10.45;10.527;1123170;11823193.43;803
2018-01-16;10.78;10.81;11.22;11.35;10.74;10.74;11.053;1929001;21321406.17;1457
2018-01-15;11.16;11.17;10.9;11.2;10.9;11.19;11.056;1187276;13126673.69;936
2018-01-12;10.85;10.88;10.91;10.95;10.72;10.86;10.834;1116270;12092969.91;964
2018-01-11;10.74;10.79;10.51;10.85;10.4;10.84;10.626;1083871;11516657.63;879
2018-01-10;10.43;10.48;10.3;10.5;10.26;10.48;10.4;816343;8489041.08;605
2018-01-09;10.31;10.34;10.38;10.39;10.21;10.3;10.316;716191;7387952.01;603
2018-01-08;10.36;10.4;10.15;10.43;10.13;10.4;10.294;1298315;13364576.3;1061
2018-01-05;10.15;10.18;10.55;10.56;10.1;10.11;10.276;914790;9400260.37;534
2018-01-04;10.41;10.45;10.5;10.64;10.41;10.49;10.512;1238201;13015767.82;871
2018-01-03;10.29;10.32;10.04;10.5;10.03;10.38;10.343;2112945;21853231.04;1445
2018-01-02;9.89;9.95;9.25;10;9.245;10;9.673;1487840;14391418.23;986
2017-12-29;9.2;9.215;9.38;9.385;9.2;9.2;9.283;1536791;14265794.23;968
2017-12-28;9.355;9.38;9.46;9.55;9.24;9.34;9.364;1069392;10013254.51;842
2017-12-27;9.48;9.495;9.4;9.745;9.4;9.485;9.518;1116293;10625269.78;892
2017-12-22;9.42;9.445;9.4;9.57;9.37;9.445;9.474;826423;7829313.33;813
2017-12-21;9.315;9.36;9.085;9.42;9.05;9.41;9.268;1982802;18375583.3;1653
2017-12-20;8.965;9;8.915;9.05;8.9;8.995;8.97;839775;7533079.57;667
2017-12-19;8.985;9.01;9.05;9.1;8.9;8.985;9.018;1062382;9579978.89;863
2017-12-18;9.02;9.05;9.22;9.25;8.95;9;9.05;1351773;12233228.63;919
2017-12-15;9.21;9.245;9.5;9.5;9.165;9.19;9.289;778201;7228339.47;644
2017-12-14;9.455;9.485;9.435;9.5;9.435;9.485;9.471;584637;5537030.51;507
2017-12-13;9.4;9.43;9.41;9.46;9.35;9.435;9.413;792327;7458267.51;619
2017-12-12;9.385;9.41;9.36;9.455;9.31;9.41;9.385;753570;7072135.32;869
2017-12-11;9.25;9.295;9.42;9.45;9.2;9.31;9.294;938723;8724130.72;836
2017-12-08;9.25;9.26;9.15;9.35;9.15;9.25;9.263;794490;7359103.05;722
2017-12-07;9.125;9.15;9.1;9.17;9;9.15;9.098;1211187;11019813.76;862
2017-12-06;8.91;8.935;9.06;9.06;8.805;8.93;8.888;1022840;9091147.51;744
2017-12-05;8.98;9.01;9.1;9.135;8.755;9.005;8.908;1907593;16992344.03;1353
2017-12-04;9.07;9.115;9.395;9.395;9.05;9.06;9.139;954756;8725759.79;797
2017-12-01;9.32;9.355;9.35;9.39;9.25;9.3;9.315;592680;5520999.62;535
2017-11-30;9.31;9.335;9.35;9.355;9.275;9.275;9.299;939358;8735072.01;569
2017-11-29;9.29;9.31;9.37;9.45;9.24;9.3;9.301;1213307;11283611.42;1047
2017-11-28;9.42;9.44;9.45;9.54;9.38;9.46;9.477;460675;4365621.17;498
2017-11-27;9.405;9.48;9.605;9.64;9.375;9.38;9.484;934402;8861790;986
2017-11-24;9.57;9.595;9.575;9.65;9.555;9.61;9.595;401325;3850878.14;391
2017-11-23;9.565;9.595;9.7;9.7;9.54;9.56;9.609;733547;7048259.69;734
2017-11-22;9.735;9.765;9.815;9.895;9.71;9.72;9.769;388647;3796679.94;421
2017-11-21;9.785;9.8;9.94;9.94;9.765;9.77;9.826;557133;5474498.17;534
2017-11-20;9.78;9.8;9.89;9.89;9.65;9.83;9.777;1234379;12069037.87;383
2017-11-17;9.78;9.805;9.78;9.85;9.69;9.815;9.774;480330;4694494.65;375
2017-11-16;9.78;9.8;9.7;9.92;9.7;9.755;9.83;1829170;17981318.19;371
2017-11-15;9.785;9.82;10;10.1;9.78;9.8;9.843;1159561;11413744.14;820
2017-11-14;10.03;10.07;10.24;10.24;10.01;10.07;10.086;266309;2685888.12;302
2017-11-13;10.06;10.1;10.37;10.37;10;10.05;10.132;527559;5345496.46;584
2017-11-10;10.17;10.2;10.21;10.32;10.08;10.28;10.2;1170801;11942217.76;701
2017-11-09;10.12;10.16;10.15;10.19;10.03;10.19;10.129;1006240;10192202.4;679
2017-11-08;9.9;9.91;10.35;10.38;9.885;9.92;10.123;1868918;18920187.59;1354
2017-11-07;10.57;10.61;10.55;10.9;10.55;10.63;10.742;1031012;11075362.02;751
2017-11-06;10.4;10.45;10.32;10.51;10.32;10.49;10.425;711963;7422063.7;555
2017-11-03;10.23;10.26;10.38;10.49;10.21;10.21;10.295;380081;3912973.9;298
2017-11-02;10.29;10.38;10.71;10.71;10.33;10.35;10.46;632691;6617767.3;491
2017-11-01;10.51;10.53;10.6;10.75;10.5;10.5;10.614;1142175;12122855.06;834
2017-10-31;10.47;10.5;10.51;10.57;10.42;10.52;10.517;546286;5745177.7;473
2017-10-30;10.43;10.46;9.91;10.5;9.91;10.5;10.33;1967976;20329420.14;1508
2017-10-27;9.86;9.89;9.795;10;9.75;9.85;9.864;866150;8543166.06;746
2017-10-26;9.775;9.835;9.675;10;9.525;9.85;9.719;1660952;16142887.08;1182
2017-10-25;9.7;9.715;9.9;9.955;9.68;9.685;9.771;998246;9753996.77;955
2017-10-24;9.89;9.91;10.09;10.14;9.86;9.88;9.964;1493876;14884546.79;941
2017-10-23;10;10.04;9.905;10.08;9.85;10.08;9.973;915736;9132175.67;801
2017-10-20;9.95;9.97;10.06;10.14;9.91;9.91;9.995;1143029;11425209.08;1079
2017-10-19;10.09;10.12;10.16;10.2;10.06;10.06;10.13;411554;4169011.73;371
2017-10-18;10.17;10.21;10.15;10.25;10.1;10.25;10.171;389145;3957829.8;477
2017-10-17;10.15;10.18;10.05;10.3;10.05;10.14;10.153;676572;6869054.91;656
2017-10-16;10.06;10.1;10.25;10.3;10.04;10.04;10.174;927570;9437410.62;1019
2017-10-13;10.29;10.32;10.49;10.49;10.21;10.25;10.327;2079509;21475116.33;2101
2017-10-12;10.69;10.71;10.42;10.71;10.42;10.69;10.593;748898;7932748.56;848
2017-10-11;10.46;10.48;10.52;10.57;10.42;10.42;10.484;811854;8511695.78;882
2017-10-10;10.52;10.56;10.6;10.67;10.5;10.54;10.575;629192;6653809.52;793
2017-10-09;10.62;10.65;10.65;10.75;10.6;10.61;10.659;371890;3963673.91;404
2017-10-06;10.65;10.66;10.71;10.76;10.64;10.64;10.693;648422;6933512.42;416
2017-10-05;10.71;10.74;10.7;10.78;10.65;10.7;10.71;602723;6455239.26;542
2017-10-04;10.72;10.75;10.75;10.8;10.67;10.76;10.743;640772;6883706.49;664
2017-10-03;10.76;10.78;10.9;10.94;10.65;10.75;10.781;921563;9935191.08;922
2017-10-02;10.9;10.93;11.1;11.12;10.82;10.87;10.912;1175840;12830608.09;1317
2017-09-29;11.1;11.12;11.29;11.3;11.09;11.09;11.162;840025;9376321.46;596
2017-09-28;11.28;11.31;11.45;11.45;11.27;11.3;11.348;635462;7211015.44;480
2017-09-27;11.41;11.44;11.5;11.63;11.4;11.45;11.506;1422730;16366442.34;987
2017-09-26;11.36;11.37;11.25;11.61;11.16;11.4;11.418;2566564;29311973.23;1537
2017-09-25;11.11;11.16;11.01;11.22;10.96;11.16;11.035;1565761;17276707.32;1037
2017-09-22;11.06;11.07;11.01;11.13;10.96;11.06;11.036;701972;7747113.84;737
2017-09-21;11.06;11.1;11;11.19;11;11.11;11.094;518029;5746848.46;348
2017-09-20;11.12;11.14;10.95;11.18;10.91;11.18;11.05;637247;7037594.67;758
2017-09-19;10.96;11;11.04;11.14;10.93;10.98;10.996;1684229;18513407.37;1166
2017-09-18;11.14;11.18;11.23;11.34;11.04;11.13;11.156;731388;8159203.87;876
2017-09-15;11.22;11.26;11.41;11.48;11.2;11.21;11.279;1237107;13953150.1;667
2017-09-14;11.42;11.44;11.2;11.53;11.11;11.43;11.318;1182638;13384718.84;867
2017-09-13;11.06;11.08;10.86;11.19;10.85;11.11;11.022;1346756;14826460.58;871
2017-09-12;10.86;10.89;10.89;10.98;10.8;10.9;10.87;405417;4406956.62;573
2017-09-11;10.86;10.88;10.99;11.01;10.83;10.85;10.923;535346;5847591.39;433
2017-09-08;10.96;11.01;10.94;11.09;10.94;10.96;11.004;229320;2523512.66;279
2017-09-07;10.94;10.97;11.1;11.1;10.93;10.94;10.99;449750;4942620.24;468
2017-09-06;11.04;11.08;10.9;11.1;10.71;11.1;10.892;1010002;11000569.72;719
2017-09-05;10.9;10.93;10.72;10.97;10.72;10.97;10.834;713087;7725843.5;579
2017-09-04;10.73;10.74;10.85;10.9;10.71;10.72;10.778;488768;5267851.31;454
2017-09-01;10.83;10.87;11.2;11.2;10.75;10.8;10.926;1190079;13002921.91;929
2017-08-31;11.02;11.07;10.9;11.06;10.8;11.06;10.944;630490;6900334.01;660
2017-08-30;10.8;10.82;10.84;10.95;10.74;10.86;10.831;626344;6783620.06;542
2017-08-29;10.76;10.79;11.07;11.14;10.67;10.75;10.813;1248529;13501016.19;1047
2017-08-28;11.07;11.1;11.31;11.31;11.07;11.07;11.138;754893;8408248.81;635
2017-08-25;11.34;11.36;11.5;11.6;11.25;11.31;11.411;769071;8775669.83;573
2017-08-24;11.49;11.54;11.62;11.69;11.47;11.52;11.532;487322;5619631.97;734
2017-08-23;11.61;11.63;11.82;11.82;11.56;11.62;11.635;413758;4813870.45;494
2017-08-22;11.81;11.85;11.55;11.85;11.41;11.82;11.644;1127759;13131789.62;757
2017-08-21;11.4;11.48;11.5;11.53;11.28;11.48;11.43;751296;8587105.29;676
2017-08-18;11.31;11.34;11.46;11.57;11.28;11.28;11.382;876941;9981127.36;747
2017-08-17;11.47;11.5;11.77;11.82;11.42;11.45;11.535;1583997;18269449.88;1304
2017-08-16;11.82;11.83;12.03;12.08;11.76;11.76;11.896;1336301;15896702.63;1178
2017-08-15;12.05;12.1;12.04;12.12;11.99;12.12;12.05;437916;5276975.73;511
2017-08-14;12.12;12.19;12.21;12.38;12.13;12.19;12.24;544951;6670426.33;546
2017-08-11;12.01;12.02;12.3;12.32;11.86;12.02;12.018;1553982;18674274.38;1271
2017-08-10;12.35;12.36;12.48;12.51;12.33;12.36;12.407;629092;7805122.48;601
2017-08-09;12.34;12.38;12.45;12.55;12.34;12.38;12.421;667018;8285199.11;638
2017-08-08;12.41;12.45;12.4;12.5;12.26;12.43;12.41;618744;7678512.48;720
2017-08-07;12.46;12.48;12.47;12.64;12.42;12.46;12.512;417027;5217847.18;518
2017-08-04;12.49;12.51;12.59;12.59;12.42;12.47;12.486;482955;6030259.25;1151
2017-08-03;12.52;12.55;12.51;12.59;12.43;12.59;12.53;560159;7018620.96;610
2017-08-02;12.4;12.46;12.55;12.62;12.28;12.4;12.404;944691;11717678.19;1021
2017-08-01;12.54;12.57;12.62;12.74;12.54;12.55;12.635;687456;8686008.26;739
2017-07-31;12.62;12.64;12.8;12.97;12.59;12.59;12.707;873353;11097392.47;885
2017-07-28;12.79;12.84;12.79;12.86;12.65;12.79;12.762;427824;5459861.11;548
2017-07-27;12.78;12.83;12.94;13.1;12.77;12.77;12.91;624597;8063509.03;744
2017-07-26;12.91;12.93;12.68;12.96;12.66;12.88;12.85;1340439;17226759.47;1145
2017-07-25;13.16;13.2;13.2;13.36;13.14;13.16;13.218;492314;6507471.95;511
2017-07-24;13.09;13.14;12.85;13.2;12.79;13.2;12.979;818653;10625089.07;806
2017-07-21;13;13.02;12.9;13.11;12.75;13.01;12.967;1255303;16280590.97;1113
2017-07-20;12.92;12.96;12.62;13;12.62;13;12.842;1150405;14774474.57;1102
2017-07-19;12.5;12.56;12.4;12.57;12.25;12.57;12.407;605380;7510765.4;695
2017-07-18;12.47;12.5;12.58;12.59;12.41;12.46;12.497;555679;6944432.44;558
2017-07-17;12.58;12.61;12.58;12.79;12.57;12.58;12.652;528790;6690003.59;595
2017-07-14;12.6;12.65;12.3;12.77;12.3;12.58;12.642;718015;9076778.23;750
2017-07-13;12.48;12.51;12.39;12.55;12.31;12.55;12.437;548469;6821397.81;642
2017-07-12;12.37;12.4;12.19;12.49;12.19;12.39;12.385;1052548;13035923.95;1075
2017-07-11;12.12;12.16;12.32;12.34;12.01;12.11;12.128;1147122;13911982.54;1245
2017-07-10;12.34;12.35;12.6;12.62;12.32;12.32;12.39;769813;9537944.86;1040
2017-07-07;12.55;12.57;12.63;12.68;12.54;12.54;12.599;704699;8878753.62;748
2017-07-06;12.71;12.78;12.65;12.8;12.59;12.8;12.695;1237765;15712820.81;1061
2017-07-05;12.72;12.75;12.8;12.97;12.7;12.79;12.8;1145988;14668779.52;1118
2017-07-04;12.81;12.86;12.7;12.88;12.7;12.8;12.808;616744;7899357.96;572
2017-07-03;12.8;12.85;12.73;12.89;12.57;12.88;12.729;864438;11003354.51;794
2017-06-30;12.52;12.55;12.7;12.7;12.43;12.58;12.521;1418321;17758237.82;1363
2017-06-29;12.67;12.73;12.72;12.81;12.32;12.74;12.61;2030189;25599875.89;2100
2017-06-28;12.64;12.67;12.7;12.75;12.56;12.66;12.647;481175;6085533.49;614
2017-06-27;12.63;12.68;12.6;12.7;12.45;12.7;12.617;895835;11303082.68;988
2017-06-26;12.47;12.48;12.56;12.81;12.4;12.45;12.576;934552;11753175.18;1344
2017-06-22;12.58;12.61;12.65;12.65;12.42;12.55;12.535;1633776;20479620.5;1703
2017-06-21;12.79;12.84;12.59;12.95;12.52;12.84;12.789;1000086;12788427.02;1177
2017-06-20;12.66;12.68;13;13;12.6;12.61;12.702;1177200;14953435.81;1282
2017-06-19;12.91;12.93;12.73;13;12.72;12.94;12.811;654203;8380758.02;810
2017-06-16;12.76;12.79;12.84;13.19;12.71;12.73;12.901;1438176;18553757.63;1479
2017-06-15;12.72;12.77;13.01;13.05;12.61;12.7;12.797;1898436;24292644.1;1898
2017-06-14;13.11;13.14;13.2;13.26;13.02;13.17;13.161;1095549;14419251.25;1126
2017-06-13;13.09;13.14;13.14;13.18;13.02;13.14;13.103;916106;12003237.79;982
2017-06-12;13.11;13.14;12.75;13.14;12.61;13.13;12.88;2228028;28696508.55;2103
2017-06-09;12.71;12.72;12.93;13.05;12.65;12.71;12.837;3224173;41384858.59;3065
2017-06-08;12.93;12.98;13.01;13.16;12.85;13;12.982;1498681;19455576.18;1415
2017-06-07;13.04;13.08;13.42;13.45;12.99;13.03;13.216;1286363;17000253.13;1353
2017-06-05;13.18;13.2;13.16;13.37;13.15;13.16;13.237;917672;12146722.75;982
2017-06-02;13.18;13.22;13.21;13.39;13.12;13.15;13.21;1393420;18406954.48;1496
2017-06-01;13.34;13.37;13.14;13.43;13.12;13.4;13.287;1331332;17689891.73;1719
2017-05-31;13.08;13.11;13.3;13.3;13.06;13.06;13.167;2393560;31515048.44;2497
2017-05-30;13.38;13.4;13.69;13.72;13.3;13.34;13.462;1344466;18098706.92;1324
2017-05-29;13.58;13.61;13.76;13.99;13.47;13.51;13.601;988915;13450450.87;1497
2017-05-26;13.82;13.84;14.02;14.02;13.75;13.76;13.848;2061385;28546593.87;1924
2017-05-24;14.38;14.4;14.43;14.49;14.31;14.33;14.389;303026;4360128.34;422
2017-05-23;14.35;14.39;14.31;14.49;14.16;14.43;14.321;1148558;16448436.1;1380
2017-05-22;14.34;14.38;14.7;14.75;14.3;14.3;14.473;1479124;21406923.92;1440
2017-05-19;14.52;14.56;14.16;14.56;14.15;14.56;14.395;1490015;21448810.63;1769
2017-05-18;14.1;14.12;14.4;14.46;13.71;14.04;14.047;2964437;41638113.66;2671
2017-05-17;14.37;14.43;14.46;14.69;14.11;14.5;14.426;4308394;62152391.77;5139
2017-05-16;13.83;13.86;13.8;14.25;13.8;13.81;13.955;1438661;20075977.3;1520
2017-05-15;13.94;13.98;13.7;14.07;13.63;14.01;13.916;2464410;34294322.93;2090
2017-05-12;13.4;13.42;13.45;13.67;13.35;13.38;13.457;831646;11191675.59;1137
2017-05-11;13.57;13.63;13.6;13.85;13.35;13.63;13.574;1245227;16903430.25;1224
2017-05-10;13.45;13.48;13.14;13.48;13.14;13.48;13.281;1081065;14357848.89;1319
2017-05-09;13.21;13.28;13;13.48;13;13.27;13.251;1344484;17816243.75;1318
2017-05-08;13.01;13.06;13.3;13.39;12.95;12.98;13.076;1696497;22183086.69;1210
2017-05-05;13.11;13.16;13;13.35;12.82;13.14;13.17;1446917;19055669.22;1467
2017-05-04;13.14;13.15;13.5;13.5;13.08;13.12;13.281;1788415;23753891.09;1713
2017-05-03;13.22;13.25;13.75;13.8;13.16;13.16;13.426;1749038;23479521.8;1970
2017-05-02;13.75;13.78;13.91;14.06;13.75;13.76;13.901;872129;12123300.75;854
2017-04-28;13.92;13.95;14.1;14.17;13.9;13.92;14.032;1025376;14388297.74;775
2017-04-27;13.97;14.01;14.68;14.73;13.9;13.95;14.363;1818782;26126969.9;1796
2017-04-26;14.27;14.38;14.01;14.61;14.01;14.33;14.383;1890875;27196107.17;2457
2017-04-25;13.98;14.04;13.93;14.38;13.72;14.05;14.076;1391428;19585208.13;1862
2017-04-24;13.8;13.84;13.98;14;13.67;13.84;13.817;1667819;23043736.75;1949
2017-04-21;13.7;13.73;14.1;14.19;13.66;13.66;13.881;1295076;17975932.67;995
2017-04-20;14.05;14.1;14.14;14.38;14.01;14.03;14.137;845171;11948113.58;657
2017-04-19;14.26;14.3;14.17;14.55;14.1;14.27;14.347;760622;10912988.77;827
2017-04-18;14.25;14.28;14.6;14.75;14.23;14.24;14.369;1746248;25091155.69;1631
2017-04-13;14.91;14.96;14.95;15.03;14.65;14.76;14.811;943634;13975582.08;679
2017-04-12;15.14;15.17;15.01;15.4;15.01;15.12;15.194;876742;13321051.83;883
2017-04-11;14.97;15.02;15.5;15.5;14.93;14.93;15.187;1454999;22097036.43;1443
2017-04-10;15.54;15.6;15.45;15.66;15.32;15.66;15.549;1004532;15619066.62;1022
2017-04-07;15.31;15.39;15.25;15.55;15.2;15.46;15.363;1144029;17575479.59;938
2017-04-06;15.27;15.3;15;15.44;14.93;15.35;15.235;1455027;22167961.94;1228
2017-04-05;15.18;15.24;15.26;15.43;15.16;15.16;15.302;2251276;34448658.09;1744
2017-04-04;15.08;15.11;14.88;15.12;14.63;15.1;14.92;1186482;17702497.4;1093
2017-04-03;14.88;14.95;15.01;15.38;14.8;14.91;15.12;1600579;24198129.67;1572
2017-03-31;15.02;15.04;15.32;15.36;14.86;15.02;15.11;1309420;19781478.02;1080
2017-03-30;15.19;15.2;14.66;15.27;14.62;15.27;14.963;2458399;36785481.58;1899
2017-03-29;14.42;14.47;14.19;14.5;14.16;14.5;14.361;1772425;25453028.57;1573
2017-03-28;14.02;14.09;13.79;14.13;13.79;14.11;13.972;1420813;19851948.8;1325
2017-03-27;13.69;13.73;14.07;14.2;13.62;13.69;13.873;2027125;28122402.73;1593
2017-03-24;14.15;14.19;14.01;14.3;13.94;14.16;14.093;1532055;21591246.78;1365
2017-03-23;13.97;14.01;14;14.2;13.86;13.96;14.035;1439373;20201997.26;1198
2017-03-22;13.93;13.96;14.16;14.16;13.43;13.95;13.708;5281239;72398508.83;4307
2017-03-21;14.35;14.38;14.6;14.63;14.33;14.33;14.486;1597291;23139168.9;1257
2017-03-20;14.58;14.6;14.7;14.73;14.51;14.55;14.61;1051824;15366741.13;1030
2017-03-17;14.68;14.72;14.46;14.98;14.37;14.73;14.681;2167034;31813235.48;1494
2017-03-16;14.44;14.49;14.72;14.86;14.38;14.42;14.617;2004345;29298255.28;1705
2017-03-15;14.47;14.49;14.35;14.73;14.35;14.51;14.488;1973764;28596174.73;2066
2017-03-14;14.26;14.29;14.5;15;14.19;14.25;14.513;3835190;55657446.65;3198
2017-03-13;14.58;14.63;14.85;14.95;14.52;14.62;14.69;1740818;25572161.2;1567
2017-03-10;14.83;14.86;14.7;15.1;14.69;14.8;14.907;1811415;27002370.9;1643
2017-03-09;14.75;14.78;15;15.28;14.67;14.72;14.931;3621684;54073588.93;3121
2017-03-08;15.48;15.49;15.64;15.77;15.16;15.43;15.429;3590573;55395210.86;2819
2017-03-07;15.8;15.84;15.87;16.19;15.7;15.76;15.911;1298139;20654476.97;1117
2017-03-06;16.01;16.06;16.29;16.29;15.55;15.99;15.923;3376798;53768263.7;3060
2017-03-03;16.38;16.41;16.6;16.6;16.26;16.33;16.427;1445025;23740264.29;1423
2017-03-02;16.68;16.73;16.91;16.91;16.57;16.72;16.727;1341938;22447773.47;1149
2017-03-01;16.92;16.96;16.96;17.04;16.85;16.91;16.948;1185592;20093173.61;869
2017-02-28;16.89;16.95;16.83;17.16;16.77;16.95;16.96;1139861;19332432.48;990
2017-02-27;16.93;16.98;17.15;17.32;16.83;16.9;17.044;1302440;22197858.04;983
2017-02-24;17.15;17.18;17.5;17.52;17.08;17.08;17.262;1224026;21127477.04;1217
2017-02-23;17.46;17.52;17.5;17.79;17.25;17.46;17.529;1265666;22184630.06;1006
2017-02-22;17.48;17.5;17.93;18;17.4;17.4;17.643;1283742;22649565.14;1263
2017-02-21;17.79;17.85;17.59;17.97;17.42;17.81;17.734;2534012;44936853.37;1824
2017-02-20;17.44;17.48;16.95;17.5;16.95;17.5;17.31;1632042;28250946.99;1172
2017-02-17;16.95;16.99;17.05;17.15;16.9;16.93;16.984;1004837;17065645.24;829
2017-02-16;17.06;17.12;17.17;17.36;17.02;17.02;17.105;1147864;19633602.08;878
2017-02-15;17.13;17.16;17.25;17.42;17.12;17.17;17.21;1041628;17925313.81;837
2017-02-14;17.21;17.26;17.29;17.5;17.19;17.25;17.311;886691;15349550.96;782
2017-02-13;17.23;17.27;17.5;17.6;17.21;17.29;17.401;1305617;22717113.25;1265
2017-02-10;17.39;17.4;17;17.46;16.87;17.46;17.221;1927092;33187952.47;1423
2017-02-09;16.98;16.99;16.93;17.23;16.85;16.96;17.018;1201325;20444055.29;1143
2017-02-08;17.05;17.08;17.17;17.17;16.91;17;17.006;1805306;30700260.55;1587
2017-02-07;17.35;17.4;17.5;17.67;17.32;17.34;17.46;1533437;26773182.23;1429
2017-02-06;17.58;17.6;17.69;17.88;17.55;17.58;17.657;1606007;28357933.34;1650
2017-02-03;17.83;17.89;17.66;17.98;17.62;17.95;17.812;1661622;29593802.72;1383
2017-02-02;17.56;17.6;17.63;18.1;17.55;17.59;17.806;1645108;29287115.93;1546
2017-02-01;17.7;17.75;17.74;18.05;17.39;17.77;17.785;2743701;48798219.05;2355
2017-01-31;17.7;17.75;16.81;17.75;16.3;17.74;17.094;5330055;91126419.61;4464
2017-01-30;16.92;16.93;17.48;17.48;16.87;16.87;17.048;2100007;35800370.99;2161
2017-01-27;17.51;17.52;17.77;17.8;17.4;17.49;17.54;1200570;21056983.21;1330
2017-01-26;17.72;17.75;17.45;17.89;17.33;17.77;17.622;2279381;40164691.24;1774
2017-01-25;17.23;17.26;17.82;17.82;17.23;17.23;17.387;2788828;48486588.79;2495
2017-01-24;17.75;17.78;17.75;17.99;17.17;17.75;17.529;2936603;51474003.07;2586
2017-01-23;17.78;17.81;18.4;18.43;17.66;17.75;17.945;3152705;56577896.35;2320
2017-01-20;18.42;18.49;18.31;18.6;18.24;18.42;18.416;2039955;37568725.38;2010
2017-01-19;18.59;18.65;18.9;19.1;18.54;18.6;18.884;3196537;60358526.7;2205
2017-01-18;18.72;18.77;18.49;18.8;18.4;18.8;18.614;2607662;48539048.48;2080
2017-01-17;18.49;18.5;19.5;20;18.35;18.43;19.061;8241045;157076756.3;6342
2017-01-16;18.68;18.71;18.98;18.98;18.63;18.63;18.779;1792106;33654386.59;1316
2017-01-13;18.92;18.94;18.78;19;18.65;18.98;18.87;2191931;41362178.94;1652
2017-01-12;18.81;18.84;19.12;19.18;18.73;18.85;18.928;3098403;58645898.24;1900
2017-01-11;19.05;19.1;18.49;19.2;18.15;19.15;18.896;6071708;114746615.3;3783
2017-01-10;18.53;18.54;18.25;18.95;18;18.59;18.519;5369220;99453696.49;3651
2017-01-09;18.02;18.06;18.3;18.47;17.73;18.05;18.077;2330273;42113678.18;2230
2017-01-05;18.15;18.18;18.14;18.31;18.1;18.15;18.189;1799638;32733263.55;1555
2017-01-04;18.22;18.24;18.6;18.6;18.02;18.1;18.251;4823361;88033491.93;3518
2017-01-03;18.69;18.73;18.92;19.28;18.62;18.7;19.073;4751020;90616389.7;3774
2017-01-02;18.7;18.74;18.24;18.9;18.14;18.81;18.679;3327143;62147207.54;2771
2016-12-30;18.12;18.14;18.13;18.27;17.92;18.16;18.084;1913161;34596197.76;1632
2016-12-29;18.13;18.15;18.08;18.27;17.95;18.12;18.135;3185597;57769321.81;2319
2016-12-28;18.02;18.07;18.2;18.56;17.68;18.08;18.159;5930493;107688227.3;4621
2016-12-27;18.1;18.14;17.2;18.19;17.2;18.15;17.888;6911515;123633966.8;5215
2016-12-23;17.06;17.08;16.4;17.2;16.4;17.13;16.907;3086307;52149773.04;2380
2016-12-22;16.36;16.38;16.6;16.75;16.3;16.39;16.438;2088871;34339732.06;1931
2016-12-21;16.57;16.66;16.45;16.91;16.34;16.59;16.669;3588980;59826038.82;2675
2016-12-20;16.62;16.65;17.3;17.59;16.5;16.61;17.073;7395461;126254410.1;5281
2016-12-19;16.81;16.87;16;17.05;16;16.84;16.64;14249060;236995288.9;9483
2016-12-16;15.02;15.05;14.75;15.14;14.7;15;14.951;2369365;35429597.37;1319
2016-12-15;14.69;14.72;14.8;14.8;14.45;14.66;14.653;1606739;23544016.57;1089
2016-12-14;14.9;14.91;15.22;15.25;14.84;14.89;15.013;1978958;29710050.39;1122
2016-12-13;15.11;15.16;14.83;15.44;14.6;15.22;15.113;3893384;58844398.5;2816
2016-12-12;14.8;14.86;14.5;14.99;14.5;14.9;14.756;3403847;50227913.15;2535
2016-12-09;14.01;14.04;14.15;14.49;13.96;13.98;14.191;2282756;32393425.79;1294
2016-12-08;14.12;14.15;13.69;14.28;13.42;14.12;13.922;1887677;26279457.3;1262
2016-12-07;13.62;13.64;13.71;13.75;13.5;13.69;13.605;1194855;16255458.35;711
2016-12-06;13.62;13.64;13.6;13.68;13.36;13.68;13.572;1204761;16352272.25;724
2016-12-05;13.57;13.6;13.52;13.88;13.5;13.58;13.695;1576790;21598099.68;1081
2016-12-02;13.63;13.65;13.64;13.69;13.42;13.64;13.559;1721823;23341176.27;1367
2016-12-01;13.7;13.72;13.34;13.8;13.19;13.75;13.527;3269511;44222530.62;2065
2016-11-30;13.13;13.14;12.65;13.29;12.65;13.09;13.079;3475331;45453986.9;1816
2016-11-29;12.66;12.69;12.9;12.9;12.65;12.65;12.781;1105504;14129524.42;835
2016-11-28;12.9;12.97;12.93;13.06;12.8;12.9;12.939;1137322;14716229.5;987
2016-11-25;12.93;12.95;13;13;12.91;12.91;12.943;463754;6002327.41;481
2016-11-24;13.01;13.02;13.03;13.1;12.96;13;13.03;705892;9197869.54;646
2016-11-23;13.02;13.05;13.3;13.33;12.89;13;13.095;1682883;22036585.25;1591
2016-11-22;13.33;13.35;13.6;13.65;13.33;13.33;13.458;1610885;21678913.03;1316
2016-11-21;13.32;13.36;13.1;13.37;13;13.34;13.219;1315078;17380622.02;1001
2016-11-18;13.01;13.04;13.17;13.17;12.98;13;13.065;440387;5754060.45;418
2016-11-17;13.14;13.18;13;13.23;12.98;13.17;13.076;895278;11705977.27;728
2016-11-16;12.96;12.99;13.6;13.9;12.9;12.95;13.272;2005075;26610884.4;1517
2016-11-15;13.29;13.31;12.55;13.36;12.55;13.32;13.02;1817867;23669329.47;1222
2016-11-14;12.49;12.54;12.7;12.81;12.45;12.45;12.585;894754;11260403.4;702
2016-11-11;12.69;12.74;12.85;12.96;12.6;12.66;12.76;881606;11248953.1;647
2016-11-10;12.77;12.78;13.1;13.22;12.76;12.81;12.952;1162395;15054532.28;845
2016-11-09;12.87;12.9;12.28;13.02;12.27;12.82;12.715;1522761;19362324.65;999
2016-11-08;12.94;12.98;13.1;13.2;12.9;12.93;13.004;871329;11329539.01;592
2016-11-07;12.97;12.99;12.9;13.09;12.89;13;13;1452243;18874719.19;953
2016-11-04;12.73;12.78;13;13;12.6;12.69;12.721;626018;7962793.62;395
2016-11-03;12.86;12.89;12.8;12.97;12.8;12.89;12.911;1028457;13283320.33;534
2016-11-02;12.75;12.77;12.89;12.99;12.75;12.75;12.884;1461042;18823914.31;988
2016-11-01;12.69;12.72;13.17;13.24;12.66;12.7;12.905;2075870;26793125.14;1368
2016-10-31;13.11;13.15;13.7;13.7;13.11;13.11;13.364;1816770;24286132.04;1172
2016-10-28;13.83;13.85;13.79;13.98;13.77;13.85;13.858;652023;9035919.14;550
2016-10-27;13.89;13.92;13.9;14.1;13.83;13.9;13.939;1168105;16282202.12;941
2016-10-26;14.07;14.12;14.3;14.32;13.85;14.06;14.033;1724241;24194014.07;1125
2016-10-25;14.35;14.38;14.68;14.71;14.3;14.32;14.436;1360300;19637524.65;1079
2016-10-24;14.66;14.7;14.94;15.15;14.59;14.68;14.796;1635626;24200834.11;1331
2016-10-21;14.92;14.96;14.98;15.07;14.78;14.94;14.928;1115262;16648541.01;1133
2016-10-20;15.13;15.14;15.5;15.54;15.1;15.1;15.238;1026036;15634883.47;906
2016-10-19;15.47;15.51;15.51;15.67;15.4;15.54;15.547;820426;12755337.29;773
2016-10-18;15.51;15.52;15.48;15.75;15.35;15.5;15.61;1118268;17456310.17;938
2016-10-17;15.45;15.48;15.39;15.56;15.28;15.49;15.465;1098298;16984806.26;937
2016-10-14;15.29;15.37;15.18;15.52;15.18;15.39;15.297;1044178;15972281.44;816
2016-10-13;15.06;15.09;15.24;15.34;14.85;15.07;15.097;1114929;16831811.38;951
2016-10-12;15.17;15.23;15.23;15.69;15.04;15.27;15.365;1512174;23235127.03;1164
2016-10-11;15.28;15.3;16.05;16.46;15.01;15.22;15.777;4487864;70806062.2;3065
2016-10-10;15.96;16;15.17;16.05;15.17;16.05;15.589;3046650;47493889.17;1962
2016-10-07;15.12;15.14;14.59;15.2;14.56;15.14;14.97;3506352;52490236.84;2217
2016-10-06;14.53;14.6;14.35;14.75;14.21;14.48;14.522;3382530;49120874.24;1965
2016-10-05;14.08;14.1;13.97;14.1;13.82;14.09;13.987;1846145;25821440.66;832
2016-10-04;13.91;13.95;13.96;14;13.81;13.95;13.932;1421423;19802658.79;943
2016-10-03;13.69;13.75;13.6;13.97;13.57;13.75;13.764;1417157;19506244.78;1053
2016-09-30;13.57;13.58;13.3;13.59;13.2;13.57;13.415;1763691;23660565.05;1047
2016-09-29;13.35;13.39;13.33;13.53;13.23;13.4;13.353;2141824;28599346.21;1041
2016-09-28;12.96;12.98;13.01;13.1;12.95;12.95;13.006;599320;7794972;552
2016-09-27;12.95;13.02;13.02;13.1;12.91;12.99;12.988;724404;9404797.19;756
2016-09-26;13.06;13.07;13.18;13.18;13;13;13.092;561563;7354067.68;581
2016-09-23;13.17;13.19;13.1;13.23;13.05;13.23;13.169;520317;6851957.22;451
2016-09-22;13.14;13.19;13.17;13.24;13.12;13.13;13.192;549322;7246529.86;428
2016-09-21;13.13;13.16;13.12;13.25;13.1;13.2;13.173;448245;5904632.39;412
2016-09-20;13.1;13.12;13.23;13.23;12.96;13.04;13.091;669192;8760321.53;563
2016-09-19;13.23;13.25;13.05;13.27;13.05;13.26;13.197;1108289;14626226.43;755
2016-09-16;12.61;12.65;12.75;12.95;12.61;12.8;12.742;572947;7300523.55;473
2016-09-15;12.74;12.75;12.73;12.8;12.45;12.76;12.588;626542;7886664.44;538
2016-09-14;12.64;12.69;12.6;12.95;12.51;12.72;12.683;621273;7879718.04;574
2016-09-13;12.66;12.7;12.85;12.92;12.61;12.61;12.797;368509;4715757.05;320
2016-09-12;12.76;12.8;12.99;13;12.71;12.78;12.814;1074828;13772978.42;794
2016-09-09;13.17;13.22;13.17;13.29;13.1;13.1;13.194;640826;8454763.62;502
2016-09-08;13.25;13.27;13.3;13.31;13.15;13.27;13.2;455336;6010193.38;325
2016-09-07;13.21;13.24;13.2;13.3;13.1;13.27;13.223;660909;8739485.5;556
2016-09-06;13.11;13.17;13.2;13.29;13.03;13.07;13.131;542259;7120400.88;430
2016-09-05;13.17;13.19;13.26;13.44;13.15;13.15;13.285;1051375;13967207.22;667
2016-09-02;13.17;13.24;13.02;13.31;13;13.31;13.18;639124;8423785.41;543
2016-09-01;13.06;13.08;13.14;13.3;13.02;13.02;13.105;797481;10450687.21;714
2016-08-31;13.21;13.24;13.55;13.59;13.13;13.14;13.354;1526158;20380502.65;974
2016-08-30;13.13;13.21;13.3;13.39;13.12;13.22;13.277;844862;11217460.28;918
2016-08-29;13.21;13.23;13.05;13.35;12.92;13.3;13.11;1001140;13125362.1;903
2016-08-26;13.08;13.13;12.98;13.15;12.83;13.15;12.994;583819;7586274.44;515
2016-08-25;12.94;12.96;12.92;13.03;12.7;12.97;12.914;834913;10782321.1;835
2016-08-24;12.95;12.97;13.3;13.38;12.9;12.92;13.161;1844820;24278734.64;1492
2016-08-23;13.47;13.5;13.22;13.56;13.15;13.47;13.383;904721;12107837.78;1006
2016-08-22;13.26;13.33;13.37;13.4;13.11;13.22;13.251;902024;11952670.14;799
2016-08-19;13.52;13.56;13.84;13.84;13.45;13.5;13.581;954590;12962954.25;992
2016-08-18;13.64;13.66;13.4;13.96;13.4;13.72;13.697;2120526;29045087.5;1540
2016-08-17;13.35;13.4;13;13.57;12.81;13.36;13.213;2694377;35596659.9;1906
2016-08-16;12.92;12.95;12.9;12.97;12.79;12.95;12.9;950720;12264283.48;773
2016-08-15;12.88;12.97;13.05;13.08;12.84;12.84;12.949;1873087;24255071.87;1382
2016-08-12;12.66;12.79;12.96;13.1;12.34;12.84;12.855;2758278;35463543.65;2209
2016-08-11;12.72;12.74;11.45;12.8;11.4;12.74;12.306;5761106;70899656.16;4461
2016-08-10;11.5;11.53;11.55;11.6;11.44;11.56;11.526;563976;6500242.84;622
2016-08-09;11.5;11.57;11.64;11.64;11.47;11.57;11.537;559681;6457189.21;1291
2016-08-08;11.56;11.59;11.59;11.67;11.46;11.56;11.56;813150;9399702.51;662
2016-08-05;11.56;11.59;11.5;11.67;11.5;11.59;11.579;618879;7166234.7;521
2016-08-04;11.47;11.5;11.51;11.62;11.45;11.5;11.527;374455;4316150.72;343
2016-08-03;11.42;11.5;11.4;11.5;11.35;11.44;11.42;378952;4327566.36;356
2016-08-02;11.4;11.41;11.51;11.62;11.4;11.4;11.481;715715;8217259.6;498
2016-08-01;11.57;11.64;11.64;11.7;11.54;11.68;11.631;471056;5478882.1;697
2016-07-29;11.65;11.69;11.82;11.86;11.6;11.64;11.693;584273;6831996.73;517
2016-07-28;11.77;11.81;11.88;11.88;11.71;11.82;11.778;374622;4412187.86;419
2016-07-27;11.77;11.85;11.75;11.93;11.72;11.88;11.854;996694;11814312.78;534
2016-07-26;11.69;11.71;11.78;11.78;11.56;11.72;11.662;628038;7323960.16;522
2016-07-25;11.68;11.72;11.74;11.8;11.65;11.66;11.731;590377;6925779.94;589
2016-07-22;11.78;11.82;11.83;11.86;11.76;11.8;11.796;499938;5897175.92;352
2016-07-21;11.86;11.92;11.97;11.98;11.83;11.91;11.905;308158;3668544.54;292
2016-07-20;11.91;11.96;12;12;11.81;11.97;11.892;739488;8794129.46;550
2016-07-19;11.93;11.99;11.95;12;11.8;12;11.877;638952;7588513.14;533
2016-07-18;11.93;11.97;11.99;12.06;11.91;11.93;11.961;645048;7715458.76;407
2016-07-15;11.99;12.03;12.1;12.1;11.92;12.05;11.996;424328;5090057.8;357
2016-07-14;11.99;12.01;12.05;12.11;11.94;11.97;12.033;623528;7503111.74;571
2016-07-13;11.98;12.02;12.05;12.09;11.95;12.06;12.012;731665;8788753.79;588
2016-07-12;11.97;11.99;11.82;12.06;11.8;11.94;11.975;601358;7201586.58;576
2016-07-11;11.87;11.96;11.81;12.01;11.81;11.87;11.915;615811;7337847.52;565
2016-07-08;11.82;11.85;11.9;11.99;11.69;11.81;11.821;815539;9640155.98;725
2016-07-07;11.9;11.94;11.76;12.21;11.76;11.94;11.998;946467;11355932.29;872
2016-07-06;11.7;11.72;12;12.08;11.65;11.65;11.779;799429;9416180.07;771
2016-07-05;12.06;12.1;12.2;12.2;12;12.02;12.083;533665;6448344.26;548
2016-07-04;12.2;12.26;12.24;12.35;12.01;12.29;12.207;508920;6212410.28;528
2016-07-01;12.18;12.19;12.34;12.34;12.11;12.12;12.202;836434;10208091.59;662
2016-06-30;12.24;12.3;12.2;12.34;11.97;12.34;12.19;1049646;12794721.09;1002
2016-06-29;12.11;12.16;11.95;12.2;11.65;12.2;11.95;938387;11214165.97;706
2016-06-28;11.46;11.58;11.6;11.95;11.46;11.46;11.647;1442717;16804373.13;1069
2016-06-27;11.41;11.45;11.4;12;11.35;11.4;11.651;1928955;22473074.27;1468
2016-06-23;12.28;12.37;12.42;12.45;12.28;12.35;12.362;724059;8950528.29;607
2016-06-22;12.34;12.4;12.43;12.43;12.21;12.39;12.327;734494;9054129.09;679
2016-06-21;12.17;12.22;12.46;12.46;12.12;12.12;12.218;1133465;13845466.5;796
2016-06-20;12.4;12.45;12.4;12.64;12.3;12.47;12.467;763213;9515259.27;618
2016-06-17;12.33;12.39;12.08;12.4;12.08;12.29;12.252;1165920;14284375.95;813
2016-06-16;12.01;12.08;12.35;12.35;12.01;12.02;12.155;1569659;19080930.15;1069
2016-06-15;12.5;12.58;12.45;12.71;12.32;12.52;12.489;1021642;12759390.38;887
2016-06-14;12.52;12.58;12.75;12.75;12.48;12.48;12.558;874821;10985625.76;713
2016-06-13;12.75;12.79;12.9;12.9;12.62;12.73;12.744;1589379;20255628.71;904
2016-06-10;13.11;13.15;13.49;13.49;13.05;13.08;13.156;990071;13025110.74;726
2016-06-09;13.51;13.53;13.7;13.74;13.43;13.49;13.524;1270823;17186984.26;1239
2016-06-08;13.66;13.72;13.52;13.75;13.47;13.71;13.659;1384411;18909526.18;1006
2016-06-07;13.46;13.52;13;13.62;13;13.52;13.337;1469449;19595056.11;896
2016-06-03;13.02;13.06;13.18;13.22;13;13;13.058;561374;7330443.46;472
2016-06-02;13.09;13.11;13.29;13.38;13;13.07;13.182;646036;8516136.01;621
2016-06-01;13.26;13.28;13.23;13.31;13.03;13.29;13.158;1073239;14121321.34;965
2016-05-31;13.26;13.3;13;13.4;12.88;13.3;13.228;2239051;29617629.24;1445
2016-05-30;12.82;12.84;12.93;12.98;12.75;12.87;12.842;690836;8872496.52;585
2016-05-27;12.95;13;13.13;13.13;12.89;12.93;12.953;680626;8816191.37;583
2016-05-26;13.07;13.1;12.93;13.14;12.92;13.14;13.041;1757884;22925308.84;1231
2016-05-25;12.77;12.83;12.65;12.89;12.48;12.85;12.657;772665;9779317.36;822
2016-05-24;12.49;12.51;12.59;12.59;12.46;12.5;12.524;613913;7688529.87;504
2016-05-23;12.62;12.67;12.75;12.8;12.5;12.59;12.608;841756;10612799.19;676
2016-05-20;12.74;12.8;12.81;13.05;12.6;12.73;12.823;1021854;13105719.81;772
2016-05-19;12.7;12.72;13.06;13.06;12.65;12.65;12.816;1407170;18034945.02;945
2016-05-18;13.2;13.24;13.29;13.51;13.16;13.22;13.331;1501013;20011141.6;1027
2016-05-17;13.2;13.25;13.3;13.48;13.15;13.22;13.289;1276989;16970126.13;791
2016-05-16;13.1;13.18;12.9;13.24;12.7;13.18;12.963;1538226;19939917.18;1116
2016-05-13;12.83;12.87;12.81;12.9;12.61;12.89;12.773;808615;10328212.29;610
2016-05-12;12.78;12.81;12.66;13;12.3;12.81;12.737;1418633;18072219.94;1168
2016-05-11;12.5;12.53;12.22;12.56;11.97;12.56;12.263;1934717;23725431.47;1635
2016-05-10;12.21;12.25;13.26;13.26;12.16;12.16;12.511;2016645;25229547.24;1806
2016-05-09;12.8;12.81;13.25;13.45;12.75;12.75;13.071;805879;10533461.64;675
2016-05-06;13.15;13.21;13.21;13.3;13.03;13.12;13.142;679155;8925159.78;538
2016-05-04;13.27;13.28;13.45;13.5;13.17;13.19;13.275;652173;8657714.47;373
2016-05-03;13.46;13.49;13.75;13.94;13.39;13.45;13.646;1745511;23819657.75;1551
2016-05-02;13.71;13.75;13.89;13.96;13.7;13.75;13.803;866383;11959061.09;633
2016-04-29;14.01;14.02;14.29;14.35;13.96;13.96;14.198;2086966;29632219.99;1339
2016-04-28;14.1;14.12;13.7;14.23;13.5;14.17;13.988;2617276;36609454.99;1691
2016-04-27;13.78;13.83;13.42;13.89;13.42;13.89;13.759;2453483;33757012.02;1755
2016-04-26;13.23;13.28;13.28;13.28;13;13.25;13.191;994016;13112151.83;828
2016-04-25;13.29;13.35;13.48;13.5;13.22;13.28;13.349;1115912;14896983;807
2016-04-22;13.6;13.64;13.71;13.71;13.41;13.64;13.583;880475;11959349.71;670
2016-04-21;13.54;13.6;13.95;13.95;13.47;13.5;13.717;1400924;19214012.79;903
2016-04-20;13.72;13.73;13.46;13.74;13.16;13.74;13.598;1472838;20028775.05;1091
2016-04-19;13.46;13.47;13.4;13.55;13;13.46;13.328;2462670;32798575.78;1215
2016-04-18;13.23;13.24;12.82;13.34;12.56;13.22;13.037;2281523;29743771.05;1780
2016-04-15;13.59;13.62;13.8;13.84;13.5;13.52;13.617;1061404;14451918.36;841
2016-04-14;13.8;13.85;13.87;13.95;13.6;13.78;13.787;1190917;16419688.45;877
2016-04-13;13.87;13.94;13.95;14.15;13.81;13.96;13.941;2120374;29559941.34;1369
2016-04-12;13.8;13.84;13.31;13.9;13.21;13.9;13.573;1932842;26233602.48;1392
2016-04-11;13.28;13.3;13.24;13.4;13.02;13.35;13.215;815991;10782308.18;665
2016-04-08;13.1;13.14;12.72;13.18;12.72;13.18;13.027;920423;11990044.57;787
2016-04-07;12.61;12.71;13.07;13.2;12.58;12.58;12.904;775390;10006256.96;607
2016-04-06;12.92;12.95;12.7;12.99;12.66;12.96;12.863;877952;11292664.3;679
2016-04-05;12.66;12.67;13.05;13.05;12.59;12.62;12.719;1273836;16201985.17;1126
2016-04-04;13.27;13.3;13.53;13.55;13.09;13.22;13.263;1100935;14601385.34;937
2016-04-01;13.5;13.53;13.55;13.78;13.38;13.53;13.574;1127850;15308997.51;856
2016-03-31;13.6;13.63;13.48;13.9;13.21;13.58;13.666;1654821;22614650.54;905
2016-03-30;13.56;13.62;13.38;13.69;13.36;13.58;13.545;1285172;17406985.02;1020
2016-03-29;13.26;13.3;13;13.33;12.91;13.33;13.099;1415229;18537709.72;1268
2016-03-24;13.04;13.08;13.35;13.35;12.95;12.95;13.11;1267034;16610346.57;801
2016-03-23;13.5;13.54;13.65;13.98;13.4;13.45;13.692;2124700;29091844.67;1253
2016-03-22;13.66;13.7;13.77;13.81;13.45;13.7;13.664;2187190;29885767.68;1307
2016-03-21;13.75;13.81;13.07;13.83;12.9;13.8;13.363;3450221;46105238.35;1992
2016-03-18;12.96;12.97;12.99;13.17;12.81;13;13.01;2919310;37979873.76;1694
2016-03-17;12.92;12.95;13;13.02;12.7;12.96;12.891;1955480;25208544.37;1168
2016-03-16;12.78;12.81;12.4;12.94;12.4;12.85;12.725;4689355;59670243.46;3593
2016-03-15;11.86;11.91;12;12.12;11.8;11.95;11.954;1642935;19639319.16;1135
2016-03-14;12.11;12.13;12.49;12.55;12.06;12.1;12.235;2376805;29080946.83;1685
2016-03-11;12.37;12.41;12.3;12.55;12;12.46;12.371;4020244;49735378.54;2675
2016-03-10;11.87;11.88;12.26;12.27;11.83;11.83;11.99;1482866;17779044.42;1047
2016-03-09;12.21;12.27;11.88;12.31;11.88;12.26;12.17;1772063;21565980.06;1151
2016-03-08;11.87;11.88;12.46;12.69;11.7;11.87;12.281;3381945;41533538.09;2242
2016-03-07;12.37;12.39;12.15;12.4;12.11;12.4;12.282;2684867;32976120.32;1768
2016-03-04;11.83;11.85;11.69;11.87;11.51;11.86;11.737;2134786;25055375.47;1430
2016-03-03;11.46;11.49;11.38;11.6;11.2;11.5;11.403;1581675;18039147.23;1074
2016-03-02;11.35;11.36;11.38;11.44;11.05;11.36;11.203;1428141;15999754.61;881
2016-03-01;11.18;11.24;11.06;11.35;11.02;11.23;11.168;1622406;18119041.85;1002
2016-02-29;10.98;11;10.53;11.02;10.31;10.97;10.818;2105243;22773661.87;1375
2016-02-26;10.59;10.6;10.65;10.8;10.52;10.57;10.633;1996306;21214090.6;1453
2016-02-25;10.38;10.42;10.6;10.6;10.3;10.42;10.467;743767;7785124.09;653
2016-02-24;10.22;10.3;10.35;10.49;10.1;10.23;10.289;956665;9842801.81;780
2016-02-23;10.4;10.41;10.67;10.84;10.39;10.39;10.59;1034632;10956556.48;1028
2016-02-22;10.68;10.72;10.44;10.74;10.4;10.71;10.619;974718;10350078.36;753
2016-02-19;10.28;10.3;10.55;10.66;10.24;10.31;10.419;1191558;12414578.6;942
2016-02-18;10.6;10.66;10.9;10.96;10.56;10.56;10.734;1823746;19575740.74;1363
2016-02-17;10.8;10.83;10.45;10.89;10.31;10.88;10.667;1757601;18748251.16;1372
2016-02-16;10.43;10.46;10.85;11.15;10.41;10.45;10.781;2020044;21777141.41;1502
2016-02-15;10.61;10.65;10.5;10.82;10.47;10.63;10.625;1221788;12980584.17;825
2016-02-12;10.26;10.35;10.19;10.38;10.06;10.38;10.23;1894741;19382380.85;1178
2016-02-11;9.86;9.905;10.05;10.05;9.75;9.85;9.885;1588618;15703983.06;1665
2016-02-10;10.08;10.17;10.2;10.24;9.9;10.1;10.071;1890298;19036797.33;1271
2016-02-09;10.16;10.24;10.21;10.31;9.99;10.22;10.148;1662481;16871239.89;1191
2016-02-08;10.35;10.38;10.89;11.1;10.14;10.33;10.432;2246419;23434505.29;1728
2016-02-05;10.73;10.78;11;11.11;10.72;10.75;10.869;1863990;20259022.88;1311
2016-02-04;10.95;11.02;11;11.5;10.94;10.94;11.203;3731854;41813442.56;2300
2016-02-03;10.82;10.85;10.69;11.18;10.6;10.87;10.899;1741773;18984215.93;1581
2016-02-02;10.76;10.78;11.13;11.2;10.6;10.73;10.835;1516022;16425441.96;1058
2016-02-01;11.3;11.32;11.97;11.97;11.21;11.3;11.506;2106701;24240096.42;1429
2016-01-29;11.89;11.9;11.82;11.94;11.41;11.9;11.754;2909485;34199238.96;1642
2016-01-28;11.3;11.34;10.45;11.6;10.45;11.3;11.109;3137864;34860449.65;2457
2016-01-27;10.46;10.5;10.38;10.56;10.24;10.53;10.391;1145591;11903257.77;923
2016-01-26;10.45;10.47;10.01;10.55;9.8;10.49;10.313;1421361;14658116.15;1222
2016-01-25;10.25;10.29;10.75;10.75;10.19;10.27;10.423;1401972;14609943.37;1235
2016-01-22;10.38;10.4;10.02;10.42;10.01;10.38;10.234;3219589;32953153.67;2146
2016-01-21;9.735;9.78;9.4;9.8;9.385;9.725;9.581;1691915;16210353.67;1354
2016-01-20;9.35;9.365;9.665;9.85;9.265;9.35;9.54;1728165;16487928.61;1158
2016-01-19;9.94;9.97;9.9;10.3;9.9;9.99;10.068;1476867;14868422.06;854
2016-01-18;9.66;9.7;9.84;9.96;9.405;9.68;9.715;1604633;15588340.65;1144
2016-01-15;9.955;9.965;10.27;10.27;9.86;9.94;10.011;2003475;20057853.53;1247
2016-01-14;10.33;10.37;10.1;10.49;9.85;10.38;10.206;2131881;21758721.04;2354
2016-01-13;10.2;10.26;10.25;10.44;10.15;10.2;10.299;1926725;19842449.23;1558
2016-01-12;10.1;10.14;10.5;10.71;10.1;10.14;10.421;2937031;30603750.24;2255
2016-01-11;10.8;10.86;11.4;11.67;10.76;10.76;11.029;1912921;21091423.22;1549
2016-01-08;11.37;11.4;11.91;12.06;11.35;11.37;11.699;1439881;16845029.84;1070
2016-01-07;11.81;11.86;12.1;12.1;11.5;11.83;11.829;2735264;32354962.67;1958
2016-01-05;12.83;12.89;12.7;12.92;12.52;12.92;12.76;1094536;13965708.48;915
2016-01-04;12.51;12.57;11.95;12.96;11.71;12.61;12.441;2645271;32910131.39;1762
2015-12-30;11.94;11.96;12.18;12.19;11.91;11.91;12.039;1909894;22993815.28;1148
2015-12-29;12.2;12.21;12.2;12.34;12.1;12.18;12.214;1779765;21738358.8;1274
2015-12-28;12.25;12.29;12.45;12.6;12.2;12.22;12.37;1305050;16143186.5;1061
2015-12-23;12.45;12.48;12.19;12.49;12.06;12.49;12.29;2201156;27051127.86;1256
2015-12-22;12.18;12.23;12.14;12.28;12.01;12.16;12.137;929375;11279339.5;848
2015-12-21;12.14;12.19;12;12.5;11.96;12.21;12.213;2241458;27376845.26;1321
2015-12-18;12.02;12.12;11.84;12.12;11.59;12.05;11.893;1649774;19615195.1;1178
2015-12-17;11.86;11.89;12;12;11.8;11.89;11.895;2000505;23793633.51;1180
2015-12-16;11.76;11.77;12.22;12.29;11.74;11.75;11.883;2145104;25490221.68;1464
2015-12-15;12.16;12.19;11.39;12.2;11.3;12.17;11.791;4665850;55012888.35;3442
2015-12-14;10.69;10.75;11.1;11.14;10.68;10.69;10.887;2281659;24841259.95;1559
2015-12-11;11.27;11.29;11.94;11.94;11.21;11.27;11.491;1759094;20201693.22;1067
2015-12-10;11.77;11.79;11.92;11.96;11.66;11.79;11.793;1302418;15359953.52;897
2015-12-09;11.92;11.93;11.87;11.99;11.58;11.92;11.776;1650679;19437469.17;1084
2015-12-08;11.85;11.86;12.03;12.1;11.6;11.81;11.817;2766732;32694677.35;1970
2015-12-07;12.01;12.03;12.77;12.77;11.75;12.03;12.347;3165611;39080894.83;2036
2015-12-04;12.76;12.79;12.99;13.25;12.75;12.77;12.94;2264654;29301934.72;1377
2015-12-03;13;13.03;13.1;13.15;12.96;13;13.056;1411741;18431728.47;1100
2015-12-02;13.16;13.17;12.9;13.34;12.8;13.15;13.135;2352379;30899181.3;1588
2015-12-01;12.95;13;12.93;13.1;12.76;13.1;12.921;1499996;19380897.01;1121
2015-11-30;12.88;12.9;12.73;12.95;12.6;12.94;12.8;1965865;25163413.33;1000
2015-11-27;12.68;12.69;12.5;12.77;12.41;12.7;12.573;1181369;14853047.79;742
2015-11-26;12.63;12.65;12.75;12.86;12.53;12.57;12.662;1567117;19832131.02;889
2015-11-25;12.72;12.76;12.96;12.96;12.45;12.7;12.674;4047552;51301290.07;2777
2015-11-24;12.95;12.98;12.98;13.08;12.76;12.96;12.92;2408424;31117454.71;1328
2015-11-23;12.9;12.92;12.75;13.1;12.5;12.85;12.75;2322223;29609254.52;1801
2015-11-20;12.91;12.93;13.1;13.28;12.86;12.87;13.016;2023420;26333783.99;1435
2015-11-19;13.04;13.1;12.9;13.35;12.7;13.05;13.008;3289840;42794538.73;2200
2015-11-18;12.88;12.94;12.5;13.12;12.32;12.91;12.782;2036423;26048598.35;1455
2015-11-17;12.55;12.59;12.85;12.99;12.45;12.56;12.631;2852285;36027305.24;1961
2015-11-16;12.88;12.94;13.08;13.39;12.85;12.85;13.132;1715905;22533148.04;1319
2015-11-13;13.07;13.08;12.85;13.4;12.81;13.07;13.101;2073276;27161449;1445
2015-11-12;13.1;13.13;13.5;13.56;12.86;13.1;13.262;3174316;42085381.7;2209
2015-11-11;13.68;13.73;14.2;14.44;13.67;13.68;14.029;4370034;61304988.74;2804
2015-11-10;13.83;13.89;14.15;14.4;13.51;13.84;13.867;6908192;95795876.28;5539
2015-11-09;14.07;14.09;16;16.5;13.92;14.08;14.742;24256342;357585950.4;15391
2015-11-06;11.1;11.12;11.1;11.19;10.93;11.12;11.042;1168078;12897813.06;859
2015-11-05;11.07;11.12;11.42;11.42;11.03;11.07;11.161;1640578;18311361.77;1067
2015-11-04;11.42;11.45;11.7;12.22;11.38;11.43;11.795;3192012;37646446.54;2059
2015-11-03;11.6;11.65;10.6;11.67;10.6;11.65;11.177;3539175;39571397.26;1960
2015-11-02;10.6;10.61;10.7;10.71;10.5;10.6;10.612;1239885;13157723.87;1017
2015-10-30;10.66;10.71;10.65;10.75;10.33;10.66;10.597;968973;10268911.22;692
2015-10-29;10.59;10.63;10.8;10.8;10.24;10.63;10.498;2848635;29905950.93;1661
2015-10-28;10.78;10.79;10.8;10.94;10.4;10.79;10.669;3650887;38951694.44;2257
2015-10-27;10.69;10.7;11.28;11.28;10.69;10.69;10.876;2279982;24797783.02;1537
2015-10-26;11.34;11.39;11.52;11.7;11.31;11.34;11.518;1141083;13140081.53;819
2015-10-23;11.51;11.52;11.84;11.92;11.47;11.51;11.681;1874251;21900670.7;1032
2015-10-22;11.72;11.76;11.55;11.82;11.39;11.76;11.583;1368261;15847848.37;743
2015-10-21;11.59;11.63;11.7;11.91;11.4;11.59;11.61;1203042;13966753.98;737
2015-10-20;11.74;11.82;12.33;12.33;11.66;11.74;11.809;1963493;23187476.41;1163
2015-10-19;12.18;12.19;12.68;12.7;12.19;12.19;12.411;744516;9239830.65;644
2015-10-16;12.64;12.65;12.71;12.78;12.54;12.65;12.663;1007975;12764296.75;703
2015-10-15;12.44;12.49;12.4;12.68;12.32;12.48;12.451;1027770;12796749.62;685
2015-10-14;12.29;12.34;12.48;12.61;12.01;12.29;12.365;1871083;23135538.88;1124
2015-10-13;12.55;12.64;12.69;12.8;12.17;12.56;12.522;2589570;32425251.63;1421
2015-10-12;12.84;12.85;12.93;13.38;12.81;12.84;13.129;2777021;36459490.58;1555
2015-10-09;12.96;12.98;13.53;13.55;12.78;12.96;13.192;3817304;50357706.08;2037
2015-10-08;12.89;12.9;12.85;13.1;12.4;12.9;12.779;2583605;33019097.09;1658
2015-10-07;12.83;12.85;12.37;13.51;12.37;12.85;13.096;8546445;111917886.3;4646
2015-10-06;12.1;12.13;11.57;12.1;10.9;12.1;11.588;3857522;44702716.36;2130
2015-10-05;11.45;11.49;10.62;11.49;10.56;11.49;11.121;2963487;32958326.3;1868
2015-10-02;10.3;10.38;10.07;10.49;10;10.38;10.245;2170552;22238222.22;1473
2015-10-01;10.04;10.07;9.86;10.25;9.85;10.07;10.088;1894278;19108549.06;1454
2015-09-30;9.795;9.8;9.6;9.95;9.6;9.8;9.76;1564169;15265700.84;1197
2015-09-29;9.58;9.59;9.68;9.77;9.47;9.58;9.614;2120802;20389764.81;1346
2015-09-28;9.77;9.81;9.895;10.36;9.73;9.81;9.995;2132227;21310904.32;1316
2015-09-25;9.75;9.78;9.605;9.82;9.605;9.78;9.734;1316690;12816301.87;999
2015-09-24;9.445;9.45;9.905;9.96;9.37;9.445;9.6;3394810;32588840.99;2206
2015-09-23;9.9;9.905;10.12;10.27;9.865;9.905;10.058;1405784;14140418.41;999
2015-09-22;10.12;10.16;10.17;10.25;9.895;10.12;10.043;1269692;12751867.17;949
2015-09-21;10.27;10.28;10.38;10.4;10.18;10.27;10.296;734350;7560697.96;606
2015-09-18;10.38;10.42;10.44;10.47;10.16;10.4;10.355;1106101;11453633.92;830
2015-09-17;10.46;10.52;10.35;10.58;10.31;10.52;10.456;1289497;13482994.16;927
2015-09-16;10.34;10.39;10;10.57;10;10.34;10.323;2120802;21892868.96;1320
2015-09-15;9.87;9.885;10.1;10.1;9.73;9.87;9.89;2998884;29658503.25;2192
2015-09-14;10.17;10.19;10.56;10.63;10.15;10.17;10.296;1248576;12855457.94;1040
2015-09-11;10.49;10.5;10.64;10.75;10.43;10.5;10.542;1777318;18731944.92;1291
2015-09-10;10.61;10.65;10.92;10.92;10.56;10.63;10.744;1807597;19420986.49;1234
2015-09-09;11.06;11.08;11.3;11.4;11.02;11.08;11.188;1291945;14453670.27;1086
2015-09-08;11.08;11.1;11.25;11.4;11;11.08;11.186;1678474;18776080.79;1073
2015-09-07;11.25;11.28;11.54;11.6;11.25;11.25;11.372;560718;6376518.86;483
2015-09-04;11.35;11.41;11.49;11.67;11.21;11.36;11.456;1111576;12733681.15;822
2015-09-03;11.66;11.67;11.5;11.74;11.33;11.67;11.536;2084129;24042694.52;1279
2015-09-02;11.33;11.37;12.07;12.19;11.3;11.33;11.721;3628344;42527318.73;2592
2015-09-01;12.29;12.31;12.75;12.84;12.24;12.29;12.519;2280703;28550922.92;1761
2015-08-31;12.37;12.39;12.71;12.77;12.11;12.37;12.371;1279059;15823151.37;1023
2015-08-28;12.67;12.7;12.2;12.7;12.04;12.7;12.432;3094015;38464965.68;2271
2015-08-27;11.79;11.82;11.6;11.89;11.41;11.82;11.599;2251094;26109597.31;1623
2015-08-26;11.12;11.13;11.1;11.43;10.85;11.13;11.155;2055700;22931833.85;1349
2015-08-25;11.19;11.2;10.8;11.53;10.8;11.2;11.251;2584143;29478975;1759
2015-08-24;10.8;10.81;11.55;11.58;10.6;10.8;11.116;5206057;57871578.53;3509
2015-08-21;12.36;12.37;12.6;12.6;12.24;12.37;12.422;2033729;25262331.89;1463
2015-08-20;12.76;12.8;12.9;12.96;12.76;12.76;12.832;1724665;22130880.18;1215
2015-08-19;12.96;12.98;13.24;13.25;12.91;12.96;13.036;2372140;30923443.14;1226
2015-08-18;13.02;13.03;13;13.09;12.88;13.02;12.977;1324621;17189854.6;1016
2015-08-17;12.95;13.02;12.86;13.04;12.71;13.02;12.897;1564840;20183126.53;1198
2015-08-14;12.85;12.86;13.01;13.03;12.78;12.85;12.868;1592024;20485769.37;1474
2015-08-13;12.9;12.93;12.84;12.95;12.69;12.93;12.808;1678681;21499827.53;1581
2015-08-12;12.69;12.7;12.85;13;12.7;12.7;12.809;1726163;22110653.98;1335
2015-08-11;12.72;12.76;13.03;13.08;12.72;12.72;12.911;2521898;32560039.98;1550
2015-08-10;12.98;13.03;13.07;13.08;12.84;13.02;12.99;2577072;33475156.58;1461
2015-08-07;12.93;12.98;12.93;13;12.84;12.98;12.932;1049732;13574588.86;767
2015-08-06;12.77;12.78;12.99;12.99;12.66;12.77;12.81;1240447;15889505.15;989
2015-08-05;13;13.07;12.91;13.07;12.69;13.07;12.92;1272601;16441109.55;925
2015-08-04;12.86;12.87;12.61;13.05;12.55;12.86;12.829;1265700;16237838.74;937
2015-08-03;12.72;12.74;12.98;12.98;12.65;12.72;12.792;2031798;25990003.47;1446
2015-07-31;13.07;13.09;13.28;13.28;12.9;13.07;13.068;1708856;22331022.36;1148
2015-07-30;13.35;13.36;13.32;13.63;12.95;13.36;13.326;2516064;33529856.77;1722
2015-07-29;13.25;13.28;12.7;13.34;12.59;13.28;12.912;4176042;53919622.87;2519
2015-07-28;12.37;12.39;12.3;12.53;12.07;12.37;12.294;3046230;37450400.4;2055
2015-07-27;12.39;12.4;13;13;12.38;12.4;12.617;3347702;42237914.1;2550
2015-07-24;13.03;13.04;13.63;13.76;13.02;13.03;13.294;2317626;30807914.07;1827
2015-07-23;13.63;13.69;14.11;14.11;13.62;13.63;13.763;1489579;20501413.04;1082
2015-07-22;13.95;13.99;14.18;14.34;13.91;13.95;14.054;1548779;21765996.14;1028
2015-07-21;13.98;13.99;14.02;14.09;13.9;13.99;13.982;753593;10536549.05;685
2015-07-20;14;14.02;14.04;14.13;13.92;14;14.006;1105772;15487680.58;921
2015-07-17;14.03;14.04;14.03;14.15;13.95;14.03;14.042;860287;12079836.67;714
2015-07-16;13.96;13.97;14.2;14.2;13.96;13.96;14.011;1804103;25277653.64;1331
2015-07-15;14.12;14.15;14.52;14.55;14.06;14.12;14.218;1122120;15954616.81;933
2015-07-14;14.42;14.45;14.7;14.71;14.3;14.42;14.458;1593357;23036105.31;1136
2015-07-13;14.76;14.77;14.83;14.88;14.43;14.76;14.636;1909532;27947978.98;1356
2015-07-10;14.73;14.74;15.06;15.06;14.6;14.73;14.878;2255375;33556333.44;1600
2015-07-09;14.33;14.4;13.78;14.4;13.52;14.4;14.068;2651769;37304443.67;1897
2015-07-08;13.42;13.45;13.29;13.58;13.04;13.45;13.321;2866347;38183656.74;2592
2015-07-07;13.04;13.14;13.85;14.09;13.04;13.04;13.396;3483536;46665806.04;2537
2015-07-06;13.85;13.92;14;14.19;13.8;13.85;13.974;2079343;29056432.13;1624
2015-07-03;14.38;14.4;14.95;14.95;14.3;14.38;14.523;1344039;19519873.78;841
2015-07-02;14.89;14.9;14.62;14.99;14.3;14.89;14.67;1793110;26304811.23;1209
2015-07-01;14.59;14.6;15.07;15.38;14.56;14.59;14.954;2617131;39137703.64;1765
2015-06-30;14.98;15;14.3;15.1;14.3;15;14.731;2107723;31048068.61;1424
2015-06-29;14.24;14.25;14.6;14.8;14.05;14.24;14.478;2464293;35678380.06;2329
2015-06-26;15.03;15.04;15.15;15.18;15.01;15.03;15.088;698249;10534874.22;738
2015-06-25;15.14;15.15;15.55;15.55;15.14;15.14;15.302;665799;10187790.11;777
2015-06-24;15.41;15.44;15.5;15.57;15.32;15.41;15.431;1015724;15673123.91;925
2015-06-23;15.31;15.36;15.06;15.47;15.06;15.36;15.237;1361933;20751116.12;855
2015-06-22;15.06;15.1;15.6;15.64;15;15.06;15.264;1315600;20080965.78;1205
2015-06-18;15.2;15.24;15.29;15.5;15.05;15.2;15.25;1118353;17055288.25;858
2015-06-17;15.35;15.36;15.73;15.98;15.22;15.36;15.612;993400;15508940.1;1039
2015-06-16;15.44;15.45;15.45;15.61;14.95;15.44;15.26;1301055;19854211.24;1126
2015-06-15;15.45;15.48;16;16;15.45;15.45;15.625;1595159;24925001.23;1256
2015-06-12;16.1;16.11;16.52;16.52;15.95;16.1;16.177;1610145;26046995.02;1122
2015-06-11;16.5;16.56;17.14;17.19;16.5;16.5;16.83;1543212;25971803.11;1156
2015-06-10;17.06;17.14;16.52;17.3;16.5;17.14;17.017;2278980;38782124.15;1550
2015-06-09;16.37;16.4;16.25;16.73;16.03;16.4;16.376;2112072;34587856.47;1795
2015-06-08;15.96;16;16.36;16.55;15.89;15.96;16.077;1697868;27297359.73;1308
2015-06-05;16.36;16.41;16.64;16.64;15.86;16.36;16.155;2713844;43843217.99;2085
2015-06-04;16.68;16.76;17.18;17.18;16.62;16.68;16.847;1603001;27007140.77;1273
2015-06-03;17.18;17.25;17.46;17.46;17.18;17.18;17.3;1183762;20479454.14;1014
2015-06-02;17.44;17.46;17.52;17.7;17.23;17.44;17.412;1005782;17512598.03;970
2015-06-01;17.5;17.51;17.98;17.98;17.5;17.5;17.724;1679446;29766434.97;1185
2015-05-29;17.86;17.94;17.4;17.94;17.37;17.94;17.777;2750050;48887429.88;1294
2015-05-28;17.38;17.4;17.54;17.69;17.2;17.38;17.366;1342306;23311464.91;1159
2015-05-27;17.52;17.59;17.49;17.81;17.47;17.58;17.631;1184850;20890324.37;1037
2015-05-26;17.46;17.47;17.99;18;17.42;17.46;17.659;1939757;34253803.14;1630
2015-05-25;17.95;17.99;18.2;18.2;17.8;17.99;17.948;692145;12422543.09;1146
2015-05-22;18;18.01;18.25;18.25;17.93;18;18.079;1527835;27621662.66;1281
2015-05-21;18.01;18.03;17.97;18.08;17.8;18.03;17.934;1507514;27035406.12;1288
2015-05-20;17.84;17.88;17.61;17.9;17.61;17.87;17.796;1519055;27032538.97;1420
2015-05-19;17.6;17.63;18.27;18.27;17.6;17.6;17.825;2088524;37228100.31;1673
2015-05-18;18.17;18.19;18.31;18.36;18.06;18.17;18.278;2336144;42699083.54;1819
2015-05-15;18.16;18.18;18.4;18.49;18.06;18.18;18.173;1998087;36308244.65;1455
2015-05-13;18.06;18.07;17.9;18.2;17.9;18.06;18.034;1112035;20054298.7;647
2015-05-12;17.83;17.89;17.7;17.92;17.26;17.83;17.575;2044284;35928273.59;1713
2015-05-11;17.7;17.74;18.2;18.3;17.7;17.7;17.985;2009035;36143129.23;1611
2015-05-08;18.03;18.11;17.9;18.32;17.31;18.03;18.012;2554559;46020865.78;1914
2015-05-07;18.08;18.1;18.92;18.92;17.9;18.08;18.298;3609075;66038037.9;2725
2015-05-06;18.9;18.98;18.44;19.09;18.35;18.97;18.742;5108199;95740080.32;3272
2015-05-05;18.2;18.22;17.93;18.5;17.77;18.21;18.242;3399031;62006646.89;2518
2015-05-04;17.77;17.79;17.1;18.1;16.62;17.77;17.259;4653623;80317275.41;3644
2015-04-30;18.05;18.15;18.4;18.5;17.86;18.15;18.274;3704155;67690920.09;2494
2015-04-29;18;18.02;17.92;18.1;17.55;18.02;17.821;2250990;40114382.04;1987
2015-04-28;17.98;18;18;18.02;17.83;18;17.94;1872011;33582968.84;1474
2015-04-27;17.9;17.91;18.02;18.18;17.82;17.91;17.98;2244921;40364052.28;1838
2015-04-24;18.02;18.09;18.2;18.3;17.9;18.09;18.141;3809871;69115603.81;3003
2015-04-23;17.91;17.92;17.22;18.15;16.7;17.92;17.495;4748481;83069607.32;3296
2015-04-22;17.22;17.27;17.69;17.69;17.08;17.22;17.307;3680358;63695952.48;2559
2015-04-21;17.96;17.98;18.2;18.2;17.81;17.98;17.982;3049983;54846042.59;2134
2015-04-20;18.19;18.2;18;18.34;17.8;18.2;18.099;4304038;77896637.34;3002
2015-04-17;17.6;17.64;17.5;17.8;17;17.6;17.423;4747932;82724961.79;2991
2015-04-16;17.1;17.14;18.1;18.46;17.02;17.1;17.607;11103166;195491775;7539
2015-04-15;17.8;17.85;16.61;17.82;16.5;17.82;17.065;10241709;174777401.1;6845
2015-04-14;16.23;16.24;14.92;16.24;14.92;16.24;15.685;11863144;186068503;7067
2015-04-13;14.58;14.6;14.13;14.64;14.1;14.6;14.405;3774834;54376692.47;2756
2015-04-10;14;14.04;13.99;14.29;13.75;14.03;14.028;4243092;59517708.08;3056
2015-04-09;13.44;13.47;13.1;13.5;13.08;13.47;13.322;1899087;25306133.67;1593
2015-04-08;13.07;13.09;13.5;14.35;12.93;13.07;13.706;5319986;72915853.16;3478
2015-04-07;13.42;13.44;13.1;13.46;12.89;13.44;13.142;3008906;39547721.59;2603
2015-04-02;12.67;12.68;12.75;12.9;12.65;12.68;12.791;742302;9494473.61;809
2015-04-01;12.69;12.71;12.54;12.9;12.35;12.7;12.69;1915410;24309321.8;1881
2015-03-31;12.58;12.59;12.7;12.7;12.02;12.58;12.367;4098944;50692692.38;3145
2015-03-30;12.7;12.71;13.43;13.43;12.67;12.7;12.911;3505537;45261544.54;2397
2015-03-27;13.46;13.5;13.7;13.7;13.46;13.46;13.584;1763960;23960923.41;1273
2015-03-26;13.58;13.59;13.72;13.9;13.51;13.59;13.646;2449069;33418823.57;1816
2015-03-25;13.52;13.55;13.7;13.75;13.47;13.53;13.61;2042145;27792932.66;2063
2015-03-24;13.66;13.7;13.7;13.84;13.58;13.66;13.69;1782893;24407667.12;1340
2015-03-23;13.65;13.7;13.8;14.1;13.57;13.65;13.787;2707879;37333416.62;2059
2015-03-20;13.72;13.81;14;14.18;13.67;13.72;13.781;2794656;38514281.24;2000
2015-03-19;13.97;13.99;14.4;14.45;13.95;13.97;14.144;2318012;32784708.85;1601
2015-03-18;13.96;14.01;13.85;14.28;13.75;13.96;13.941;2616957;36483477.52;2281
2015-03-17;14.15;14.17;13.68;14.71;13.5;14.15;14.098;6135632;86490292.19;4474
2015-03-16;13.9;13.97;14.2;14.2;13.57;13.91;13.858;4076827;56495082.32;3161
2015-03-13;14.26;14.3;15.5;15.7;14.1;14.26;14.696;7102912;104400606.9;4452
2015-03-12;15.52;15.54;15.74;15.99;15.5;15.52;15.668;2444659;38303374.69;1801
2015-03-11;15.89;15.9;16.01;16.3;15.61;15.89;15.978;2764540;44171028.61;2150
2015-03-10;16.33;16.4;16.7;16.7;16.25;16.34;16.373;1942283;31801397.14;1684
2015-03-09;16.79;16.84;16.75;16.88;16.44;16.79;16.693;1276531;21308945.27;1111
2015-03-06;16.82;16.85;16.85;16.85;16.6;16.85;16.75;1090462;18264792.45;1494
2015-03-05;16.76;16.79;16.77;16.91;16.63;16.79;16.75;1594800;26713597.09;1206
2015-03-04;16.6;16.61;16.52;16.85;16.33;16.61;16.553;2876374;47611679.12;1849
2015-03-03;16.33;16.38;16.5;16.59;16.22;16.38;16.404;1939645;31816301.03;1828
2015-03-02;16.37;16.41;16.22;16.9;16.11;16.37;16.539;4032636;66694634.9;2864
2015-02-27;16.05;16.06;15.9;16.32;15.72;16.05;16.09;3011392;48453501.54;2872
2015-02-26;16.6;16.66;16.28;16.72;16.24;16.65;16.518;2402899;39690328.59;2279
2015-02-25;16.1;16.15;16.22;16.55;16.01;16.1;16.217;2450641;39742442.93;2078
2015-02-24;16.58;16.59;16.35;17;15.95;16.59;16.388;4762903;78055475.54;3941
2015-02-23;16.49;16.5;17.45;17.45;16.26;16.5;16.629;4897628;81440753.83;3902
2015-02-20;17.26;17.27;17.4;17.68;17.2;17.26;17.44;2735026;47697395.2;2213
2015-02-19;17.28;17.3;17.8;17.89;17.14;17.28;17.47;5194860;90752639.99;4154
2015-02-18;18.18;18.22;18.46;18.49;17.9;18.18;18.231;4584456;83607590.69;2799
2015-02-17;18.11;18.12;19.33;19.36;18.01;18.11;18.601;6094400;113359616.4;4520
2015-02-16;19.25;19.32;19.31;19.52;18.89;19.32;19.278;5476851;105583881.9;3655
2015-02-13;18.8;18.85;19.7;19.86;18.8;18.8;19.178;15430373;295946083.5;9375
2015-02-12;20.55;20.59;19.82;21.35;19.82;20.56;20.636;9771200;201643020.1;5096
2015-02-11;19.82;19.83;19.65;20.42;19.22;19.82;19.923;6605298;131594171.3;3973
2015-02-10;20.54;20.55;22.11;22.97;20.21;20.54;21.792;12744876;277728837.5;7974
2015-02-09;21.8;21.82;19.53;21.94;18.9;21.82;20.541;8978691;184435916.4;5548
2015-02-06;19.41;19.45;19.2;19.57;18.9;19.45;19.277;5624176;108417597.5;3666
2015-02-05;18.63;18.7;17.2;18.7;16.86;18.7;18.157;6015790;109226942.6;3747
2015-02-04;17.69;17.72;18.7;19.46;17.2;17.69;18.462;8098918;149526515.5;5992
2015-02-03;18.52;18.58;17.2;18.58;17.16;18.58;17.934;8742009;156698562.5;5173
2015-02-02;16.63;16.64;16.75;16.8;16.15;16.64;16.535;4867608;80485573.43;3648
2015-01-30;15.46;15.48;15.45;15.5;15.2;15.48;15.377;1438428;22118103.65;1437
2015-01-29;15.05;15.06;15.64;15.65;15.05;15.05;15.367;2094256;32182069.32;1460
2015-01-28;15.85;15.88;16.01;16.18;15.81;15.85;15.971;1015000;16210748.96;984
2015-01-27;15.83;15.9;16;16.09;15.65;15.86;15.855;1086855;17231754.83;1164
2015-01-26;16;16.02;16.35;16.35;15.4;16;15.83;3161572;50048863.89;2678
2015-01-23;16.69;16.7;17.96;18.1;16.61;16.69;17.105;4539956;77660936.8;3732
2015-01-22;17.86;17.97;17.2;18.59;17.2;17.97;18.008;5635458;101528586.9;4574
2015-01-21;16.98;17;16.88;17.1;16.5;17;16.75;1330378;22284243.28;1183
2015-01-20;16.71;16.72;17;17.2;16.6;16.71;16.924;1451419;24564435.53;1270
2015-01-19;17;17.01;16.91;17.16;16.75;17.01;17.012;1157863;19698030.4;1298
2015-01-16;16.69;16.7;16.57;16.95;16.35;16.69;16.732;1690883;28294377.79;1186
2015-01-15;16.7;16.71;17.4;17.72;16.51;16.7;17.059;3311159;56503528.74;2482
2015-01-14;16.59;16.6;16.4;17;16.35;16.6;16.654;2080620;34652946.97;1545
2015-01-13;16.33;16.41;16.38;16.54;16.08;16.33;16.371;1869093;30599034.36;1254
2015-01-12;16.37;16.38;16.3;16.69;16.15;16.37;16.438;2672140;43924785.3;2093
2015-01-09;15.95;15.98;16.05;16.27;15.91;15.95;16.106;1585131;25530399.04;1496
2015-01-08;16.05;16.07;16.11;16.24;15.85;16.05;16.052;1900437;30504907.15;1712
2015-01-07;15.65;15.68;15.45;16.25;15.4;15.65;15.784;3883765;61302068.25;2843
2015-01-05;16.72;16.75;16.95;17.26;16.62;16.75;16.978;1102015;18710149.98;871
2015-01-02;16.91;16.95;17;17.38;16.75;16.91;17.1;2612695;44675924.56;1671
2014-12-30;17.1;17.12;17.27;17.3;16.8;17.1;17.021;3991937;67946555.49;2737
2014-12-29;17.56;17.59;17;17.59;17;17.56;17.331;4629228;80227405.85;2985
2014-12-23;16.45;16.5;16.55;16.64;16.05;16.45;16.391;2657964;45360849.29;1676
2014-12-22;16.48;16.5;16.22;17.1;16.21;16.5;16.749;5769356;96632118.77;3534
2014-12-19;15.93;15.94;15.73;16.18;15.47;15.94;15.865;4470066;70921710.4;3307
2014-12-18;15.8;15.82;15.76;16.43;15.36;15.81;16.016;9444526;151275273.9;6313
2014-12-17;15.05;15.1;14.15;15.11;13.9;15.1;14.392;4339846;62454955.45;3090
2014-12-16;14.4;14.44;13.4;14.44;13.39;14.44;13.909;4208082;58530721.57;2859
2014-12-15;13.45;13.5;13.62;14.63;13.45;13.45;14.134;4390831;62063205.17;3421
2014-12-12;13.7;13.74;13.82;13.82;12.82;13.7;13.27;8389732;111334251.9;5233
2014-12-11;14.28;14.3;15.2;15.2;14.05;14.29;14.541;6306664;91693866.67;4621
2014-12-10;15.35;15.37;15.6;16.08;15.12;15.35;15.591;4059047;63294067.29;2526
2014-12-09;15.5;15.51;16.63;16.69;15.48;15.5;15.899;5728798;91107256.33;4045
2014-12-08;17;17.08;17.85;17.99;16.93;17;17.407;1935402;33688976.96;1802
2014-12-05;17.9;17.94;18.4;18.44;17.75;17.9;17.981;1530823;27525521.82;1376
2014-12-04;18.26;18.27;18.5;18.98;17.82;18.27;18.328;2271243;41627642.73;2105
2014-12-03;18.41;18.43;17.4;18.59;17.38;18.43;18.275;5733181;104780037.2;4023
2014-12-02;17.29;17.3;17.66;18.1;17;17.3;17.459;4681238;81728908.96;3843
2014-12-01;17.28;17.32;19.6;19.61;17.13;17.3;18.209;10118864;184255534.1;7111
2014-11-28;20.2;20.21;22.57;22.57;19.6;20.21;20.412;8229545;168031537.7;6226
2014-11-27;22.8;22.85;23.2;23.2;22.66;22.85;22.819;957424;21847389.88;1060
2014-11-26;23.1;23.13;23.29;23.35;22.95;23.11;23.136;1266760;29306742.36;1290
2014-11-25;23.3;23.42;23.43;23.59;23.2;23.4;23.374;1174930;27462657.86;1077
2014-11-24;23.16;23.27;22.98;23.3;22.95;23.27;23.14;821370;19006437;850
2014-11-21;22.85;22.87;23.1;23.38;22.75;22.87;23.064;1181267;27245875.05;1351
2014-11-20;23;23.01;23.4;23.41;22.95;23;23.156;1174138;27188057.58;1298
2014-11-19;23.54;23.56;23.65;23.75;23.42;23.56;23.536;518440;12202116.27;666
2014-11-18;23.53;23.6;23.56;23.79;23.5;23.6;23.613;854917;20187181.04;1121
2014-11-17;23.56;23.58;23.9;23.95;23.5;23.56;23.703;1261647;29904561.52;1506
2014-11-14;23.59;23.6;22.9;23.78;22.8;23.6;23.336;1473744;34388107.23;1668
2014-11-13;22.85;22.95;22.9;23.3;22.6;22.95;22.987;1334924;30685410.52;1641
2014-11-12;22.88;22.92;23;23.46;22.72;22.88;23.039;1624297;37423400.43;1748
2014-11-11;23.03;23.1;23.15;23.35;22.71;23.03;23.041;2313508;53304789.26;2459
2014-11-10;23.6;23.63;23.85;24.25;23.41;23.63;23.753;2016589;47899309.91;2507
2014-11-07;23.63;23.69;22.9;23.85;22.53;23.69;23.35;1943596;45375895.58;2344
2014-11-06;22.64;22.72;22.8;23.37;22.22;22.7;22.882;2025949;46358412.19;1953
2014-11-05;22.79;22.82;22.1;23.34;22.1;22.8;22.569;2131398;48102383.42;2226
2014-11-04;22.1;22.14;23.8;23.8;22.04;22.1;22.732;1901829;43231916.49;1925
2014-11-03;23.65;23.8;23.7;23.99;23.62;23.8;23.838;917657;21875162.2;965
2014-10-31;23.8;23.83;23.7;23.99;23.45;23.8;23.745;981637;23309261.61;963
2014-10-30;23.7;23.71;23.5;23.94;23.4;23.7;23.666;1794980;42457483.42;1667
2014-10-29;23.81;23.82;23.49;24.13;23.04;23.82;23.679;3795802;89870441.95;2894
2014-10-28;23.2;23.23;23.2;23.59;22.9;23.23;23.25;2058942;47870683.26;2074
2014-10-27;23.1;23.19;23.3;24.43;22.7;23.18;23.499;3389662;79656877.75;3313
2014-10-24;22.8;22.82;23.7;24.09;22.6;22.82;23.143;5160824;119436893.2;5038
2014-10-23;24.16;24.2;27.75;27.75;24;24.16;25.083;5289306;132670880.2;5775
2014-10-22;28.47;28.59;29.2;29.2;28.01;28.5;28.525;1068155;30469386.26;1472
2014-10-21;28.5;28.8;26.7;29.19;26.65;28.7;28.39;1918999;54496908.91;2109
2014-10-20;26.5;26.61;26.58;26.99;26.1;26.6;26.535;960451;25485603.14;922
2014-10-17;26.4;26.48;25.2;26.74;25.16;26.4;26.078;2235250;58292341.12;2314
2014-10-16;24.9;25;24.64;25.37;22.91;25;23.953;3079842;73786125.52;3835
2014-10-15;24.67;24.7;27;27.25;24.7;24.7;25.54;3225273;82373672.16;3244
2014-10-14;27.38;27.4;27.5;28.44;26.75;27.38;27.23;2014987;54867227.52;2076
2014-10-13;27.76;27.87;28.8;28.8;27.65;27.8;28.247;1359311;38396933.96;1553
2014-10-10;29.3;29.45;30.45;30.45;28.41;29.4;29.387;1764382;51830458.3;2088
2014-10-09;30.6;30.8;30.6;30.85;30.22;30.8;30.546;1311970;40073943.75;1742
2014-10-08;30.13;30.24;30;30.35;29.3;30.23;29.85;1109243;33110334.73;1260
2014-10-07;30.1;30.3;30.42;30.5;29.1;30.3;29.943;1162635;34812357.44;1479
2014-10-06;30.19;30.4;30.5;30.58;29.58;30.4;30.068;1620746;48732561.66;1658
2014-10-03;30.31;30.42;29.09;30.49;28.71;30.31;29.677;2320167;68855882.92;2393
2014-10-02;28.44;28.55;31;31;28.22;28.45;29.242;3582830;104767300.5;4979
2014-10-01;31.15;31.18;32.15;32.66;31;31.15;31.627;1573074;49753589.44;1903
2014-09-30;31.74;31.75;30.2;31.95;30.1;31.75;31.076;3315260;103025248.3;3488
2014-09-29;29.81;29.85;31.15;31.28;29.3;29.85;30.014;3317058;99560519.27;3012
2014-09-26;30.6;30.66;31.8;32;30.5;30.6;31.044;3195013;99175184.26;3077
2014-09-25;31.5;31.6;33;33.19;31.5;31.5;32.395;5129198;166170261.9;6559
2014-09-24;32.4;32.41;35.11;35.3;32.1;32.4;33.371;3290739;109925244.1;3531
2014-09-23;34.94;34.96;36.01;36.1;34.85;34.94;35.227;2112933;74433649.62;2546
2014-09-22;36.32;36.47;38.1;38.1;36.32;36.32;36.916;1719128;63403093.31;1678
2014-09-19;37.98;38;37.67;38.49;36.7;38;37.796;1944774;73541474.57;1497
2014-09-18;37.65;37.66;39.58;39.58;37.65;37.65;38.369;1499633;57539568.62;1941
2014-09-17;39.5;39.54;38.89;39.52;38.72;39.5;39.314;731746;28767573.74;1025
2014-09-16;38.7;38.78;40.42;40.42;37.86;38.7;38.816;3224841;125180463.8;4527
2014-09-15;40.07;40.2;39.5;40.88;39.1;40.2;40.065;1016218;40701704.44;1155
2014-09-12;39.55;39.6;39.75;40;39.02;39.55;39.647;865256;34304763.91;1081
2014-09-11;39.59;39.61;41.35;41.57;39.21;39.6;40.497;1322011;53533608.83;1692
2014-09-10;41.13;41.2;42.2;42.5;41.13;41.13;41.709;762960;31822600.33;1202
2014-09-09;42.71;42.91;43.03;43.03;42.3;42.91;42.708;826874;35314278.84;1255
2014-09-08;43;43.03;43.44;43.54;42.78;43.03;43.11;730767;31503060.94;1395
2014-09-05;43.43;43.55;43.5;43.59;42.62;43.55;43.094;634965;27363291.63;973
2014-09-04;43.66;43.74;44.1;44.14;43.31;43.66;43.628;733344;31994515.5;1243
2014-09-03;44.1;44.19;44.15;44.35;44;44.13;44.149;397904;17567035.5;686
2014-09-02;44;44.05;44;44.2;43.8;44;44.041;559831;24653674.47;779
2014-09-01;43.84;43.94;43.8;43.94;43.2;43.94;43.7;351252;15349809.87;675
2014-08-29;43.4;43.5;43.5;44;42.7;43.5;43.402;676180;29347368.99;995
2014-08-28;43.1;43.13;42.5;43.67;41.4;43.1;42.494;1207716;51320908.18;1965
2014-08-27;41.7;41.75;40.8;41.75;40.42;41.75;40.97;561074;22987124.87;973
2014-08-26;40.9;40.92;42.2;42.2;40.81;40.9;41.364;936687;38745185.95;1396
2014-08-25;42.26;42.28;43.2;43.45;42.26;42.26;42.741;417575;17847362.61;765
2014-08-22;43.02;43.1;43.6;44.17;43.02;43.02;43.549;393109;17119459.74;754
2014-08-21;43.45;43.49;43.5;43.88;43.4;43.45;43.612;323509;14108034.49;590
2014-08-20;43.35;43.42;42.7;43.42;42.7;43.42;42.994;543222;23355449.37;1081
2014-08-19;42.5;42.63;42.7;42.75;42.1;42.63;42.52;394380;16769012.22;654
2014-08-18;42.3;42.5;42.2;43;42;42.5;42.506;538851;22904671.45;841
2014-08-15;41.9;42;42.2;43;41.7;42;42.442;881696;37420539.02;1091
2014-08-14;42.02;42.23;40.4;42.6;39.99;42.23;41.622;1622118;67515651.96;2426
2014-08-13;40.53;40.59;41.6;41.99;40.42;40.53;40.795;799350;32607636.47;1339
2014-08-12;41.4;41.48;40.9;42.3;40.5;41.48;41.732;1080891;45107702.43;1779
2014-08-11;40.3;40.32;38.9;40.4;38.86;40.32;40.076;1195265;47901315.67;2105
2014-08-08;38.49;38.6;38.8;38.8;38.05;38.59;38.485;939731;36165652.14;1449
2014-08-07;38.81;38.83;39.2;40;38.62;38.81;39.378;787159;30996783.05;1255
2014-08-06;38.69;38.75;39.66;40;38.2;38.69;38.872;2145159;83386454.57;2818
2014-08-05;40.55;40.57;41.2;41.21;40.36;40.57;40.835;602021;24583315.21;944
2014-08-04;41.21;41.3;41.5;42.05;41.2;41.21;41.759;611759;25546320.89;1184
2014-08-01;41.3;41.49;43;43.23;41.17;41.3;42.013;1129065;47485793.33;1566
2014-07-31;43.27;43.3;44.32;44.5;43.27;43.27;43.723;453774;19840255.76;670
2014-07-30;44.59;44.68;45.4;45.4;44.4;44.59;44.811;469492;21038532.6;692
2014-07-29;45.35;45.4;45.2;45.79;45.2;45.4;45.506;320696;14593645.43;554
2014-07-28;45.17;45.35;45.1;45.8;45.05;45.19;45.308;349130;15818403.72;668
2014-07-25;45.2;45.5;45.2;45.79;45.05;45.49;45.391;430324;19532667.63;633
2014-07-24;45.43;45.58;45.2;45.85;45.2;45.45;45.648;512350;23387599.29;948
2014-07-23;45.05;45.08;44.9;45.38;44.65;45.05;45.116;573324;25866291.8;714
2014-07-22;44.75;44.84;44.09;44.87;43.7;44.83;44.551;333461;14855887.59;436
2014-07-21;43.93;44.09;43.95;44;42.85;44;43.447;595534;25874010.25;729
2014-07-18;43.91;44;43.81;44.6;43.51;44;44.09;385795;17009702.69;879
2014-07-17;43.85;43.98;44.13;44.3;43.85;43.85;44.053;347353;15308225.61;510
2014-07-16;44.5;44.57;44.65;45.2;44.24;44.57;44.63;594518;26533338.69;1032
2014-07-15;44.45;44.56;43.57;44.69;43.5;44.5;44.228;955078;42241328.05;1998
2014-07-14;43.4;43.5;43.8;43.9;42.2;43.4;42.905;2226683;95535139.24;2316
2014-07-11;43.95;44.15;44.5;44.58;43.91;44.15;44.152;294546;13004750.17;488
2014-07-10;44.35;44.4;45;45;44;44.35;44.458;643997;28630826.87;948
2014-07-09;44.8;44.9;44.66;45.06;44.55;44.9;44.87;412953;18529430.42;784
2014-07-08;44.65;44.7;45.9;45.9;44.45;44.66;45.163;1318055;59510819.84;1611
2014-07-07;46.3;46.43;46.51;46.8;46.26;46.3;46.595;1033504;48155722.41;875
2014-07-04;46.51;46.75;46.82;46.82;46.4;46.51;46.593;421865;19656121.72;569
2014-07-03;46.94;47;45.5;47;45.46;47;46.272;1073626;49678065.91;1225
2014-07-02;45.65;45.69;45;45.95;44.95;45.65;45.499;1710113;77806994.31;1769
2014-07-01;45.55;45.6;45.9;46.2;44.6;45.6;45.421;2140272;97214177.79;2763
2014-06-30;46.4;46.5;46.4;46.9;45.3;46.5;46.214;1275172;58930364.2;1840
2014-06-27;46.5;46.6;46.3;47.6;46.3;46.6;46.9;1275092;59801843.7;1195
2014-06-26;45.7;45.9;45.8;46.1;45.4;45.9;45.746;903688;41340094.8;1455
2014-06-25;45.5;45.6;47.5;47.6;44.8;45.6;46.054;2739459;126167837.3;3379
2014-06-24;47.4;47.5;48.8;49.4;47.3;47.4;48.291;3546576;171267334.5;4025
2014-06-23;47.4;47.6;48.2;48.3;46.4;47.6;47.11;1405351;66205831.2;1248
2014-06-19;46.6;47;46.2;47;46;47;46.461;794563;36915757.2;518
2014-06-18;46.4;46.5;46;46.7;46;46.5;46.37;892151;41369435.6;632
2014-06-17;46.1;46.3;46.4;46.6;45.2;46.1;45.75;1661996;76037015.45;1390
2014-06-16;46.4;46.5;48;48.1;46.3;46.4;47.459;910225;43198721.6;888
2014-06-13;48;48.1;48.5;48.5;48;48;48.042;817461;39272472.2;662
2014-06-12;48.5;48.6;48.9;48.9;48.1;48.5;48.432;517577;25067485.3;632
2014-06-11;48.8;49;48.8;49;48.1;48.9;48.427;665354;32221000.6;948
2014-06-10;49;49.2;49.2;49.2;48.7;49.1;48.932;765804;37472119.4;1049
2014-06-09;48.9;49.3;48.6;49.3;48.5;49.3;49.002;1070775;52474136.5;1073
2014-06-05;48.5;48.6;48.3;48.7;48;48.5;48.223;853966;41180698.1;942
2014-06-04;48;48.2;48.4;48.4;48;48;48.093;1116436;53693246.8;817
2014-06-03;48.3;48.5;47.8;48.5;47.5;48.5;48.172;1417500;68283295.8;963
2014-06-02;47.7;47.8;48;48.1;47.4;47.7;47.769;1231963;58849477.5;1267
2014-05-30;47.4;47.7;47.7;47.8;47.1;47.4;47.492;991427;47084724.1;1483
