Date;Value
2019-01-23;1478.72
2019-01-22;1486.32
2019-01-21;1493.76
2019-01-18;1499.79
2019-01-17;1473.89
2019-01-16;1468.85
2019-01-15;1455.48
2019-01-14;1458.13
2019-01-11;1465.43
2019-01-10;1470.69
2019-01-09;1470.51
2019-01-08;1457.47
2019-01-07;1439.93
2019-01-04;1435.29
2019-01-03;1393.52
2019-01-02;1405.85
2018-12-28;1408.74
2018-12-27;1384.59
2018-12-21;1408.34
2018-12-20;1419.01
2018-12-19;1450.11
2018-12-18;1447.79
2018-12-17;1451.95
2018-12-14;1471.67
2018-12-13;1478.75
2018-12-12;1494.21
2018-12-11;1465.29
2018-12-10;1435.55
2018-12-07;1454.03
2018-12-06;1436.66
2018-12-05;1478.96
2018-12-04;1506.43
2018-12-03;1529.78
2018-11-30;1514.63
2018-11-29;1515.38
2018-11-28;1500.45
2018-11-27;1496.41
2018-11-26;1498.25
2018-11-23;1477.35
2018-11-22;1466.39
2018-11-21;1478.44
2018-11-20;1456.85
2018-11-19;1482.49
2018-11-16;1499.43
2018-11-15;1489.79
2018-11-14;1502.45
2018-11-13;1520.26
2018-11-12;1514.59
2018-11-09;1530.51
2018-11-08;1536.79
2018-11-07;1538.69
2018-11-06;1534.6
2018-11-05;1539.01
2018-11-02;1551.39
2018-11-01;1531.26
2018-10-31;1538.22
2018-10-30;1516
2018-10-29;1503.14
2018-10-26;1485.27
2018-10-25;1506.02
2018-10-24;1501.47
2018-10-23;1508.88
2018-10-22;1526.05
2018-10-19;1531.66
2018-10-18;1543.87
2018-10-17;1548.27
2018-10-16;1554.16
2018-10-15;1536.1
2018-10-12;1536.46
2018-10-11;1550.41
2018-10-10;1595.13
2018-10-09;1624.49
2018-10-08;1621.19
2018-10-05;1634.86
2018-10-04;1648.96
2018-10-03;1665.14
2018-10-02;1656.9
2018-10-01;1667.45
2018-09-28;1662.36
2018-09-27;1676.37
2018-09-26;1658.29
2018-09-25;1656.71
2018-09-24;1655.01
2018-09-21;1662.32
2018-09-20;1645.84
2018-09-19;1630.5
2018-09-18;1625.45
2018-09-17;1640.6
2018-09-14;1634.74
2018-09-13;1621.85
2018-09-12;1618.81
2018-09-11;1620.39
2018-09-10;1624.25
2018-09-07;1618.2
2018-09-06;1632.42
2018-09-05;1631.74
2018-09-04;1645.95
2018-09-03;1660.14
2018-08-31;1658.16
2018-08-30;1672.56
2018-08-29;1677.22
2018-08-28;1671.15
2018-08-27;1665.1
2018-08-24;1646.87
2018-08-23;1643.71
2018-08-22;1643.46
2018-08-21;1637.6
2018-08-20;1630.92
2018-08-17;1622.71
2018-08-16;1611.33
2018-08-15;1593.59
2018-08-14;1608.56
2018-08-13;1611.8
2018-08-10;1616.82
2018-08-09;1631.23
2018-08-08;1622.63
2018-08-07;1619.89
2018-08-06;1608.48
2018-08-03;1611.95
2018-08-02;1598.06
2018-08-01;1612.54
2018-07-31;1615.6
2018-07-30;1611.07
2018-07-27;1612.76
2018-07-26;1608.8
2018-07-25;1593.27
2018-07-24;1601.38
2018-07-23;1580.5
2018-07-20;1579.4
2018-07-19;1584.34
2018-07-18;1570.42
2018-07-17;1556.61
2018-07-16;1552.75
2018-07-13;1550.88
2018-07-12;1541.52
2018-07-11;1526.29
2018-07-10;1548.38
2018-07-09;1541.06
2018-07-06;1524.17
2018-07-05;1526.6
2018-07-04;1522.34
2018-07-03;1538.4
2018-07-02;1540.86
2018-06-29;1558.88
2018-06-28;1531.66
2018-06-27;1540.88
2018-06-26;1529.23
2018-06-25;1534.65
2018-06-21;1549.55
2018-06-20;1572.29
2018-06-19;1564.87
2018-06-18;1561.65
2018-06-15;1570.43
2018-06-14;1588
2018-06-13;1571.07
2018-06-12;1572.27
2018-06-11;1571.18
2018-06-08;1555.87
2018-06-07;1555.65
2018-06-05;1559.05
2018-06-04;1564.73
2018-06-01;1569.51
2018-05-31;1549.94
2018-05-30;1562.54
2018-05-29;1572.3
2018-05-28;1581.52
2018-05-25;1586.98
2018-05-24;1593.57
2018-05-23;1602.1
2018-05-22;1624.44
2018-05-21;1626.25
2018-05-18;1621.61
2018-05-17;1618.95
2018-05-16;1602.27
2018-05-15;1606.72
2018-05-14;1598.58
2018-05-11;1603.25
2018-05-09;1616.8
2018-05-08;1608.94
2018-05-07;1597.93
2018-05-04;1577.08
2018-05-03;1566.96
2018-05-02;1590.97
2018-04-30;1570.71
2018-04-27;1580.78
2018-04-26;1573.76
2018-04-25;1557.29
2018-04-24;1575.4
2018-04-23;1587.65
2018-04-20;1572.58
2018-04-19;1558.23
2018-04-18;1552.48
2018-04-17;1545.16
2018-04-16;1526.27
2018-04-13;1526.66
2018-04-12;1518.88
2018-04-11;1504.71
2018-04-10;1526.76
2018-04-09;1511.32
2018-04-06;1511.37
2018-04-05;1527.22
2018-04-04;1494.65
2018-04-03;1508.8
2018-03-29;1535.35
2018-03-28;1512.13
2018-03-27;1510.11
2018-03-26;1496.59
2018-03-23;1513.18
2018-03-22;1515.84
2018-03-21;1549.7
2018-03-20;1551.97
2018-03-19;1547.41
2018-03-16;1573.48
2018-03-15;1592.28
2018-03-14;1585.31
2018-03-13;1578.15
2018-03-12;1593.83
2018-03-09;1589.62
2018-03-08;1585.53
2018-03-07;1564.19
2018-03-06;1559.94
2018-03-05;1547.94
2018-03-02;1526.46
2018-03-01;1560.56
2018-02-28;1583.39
2018-02-27;1588.23
2018-02-26;1586.96
2018-02-23;1577.11
2018-02-22;1573.88
2018-02-21;1575.12
2018-02-20;1569.68
2018-02-19;1550.86
2018-02-16;1556.93
2018-02-15;1542.72
2018-02-14;1532.15
2018-02-13;1513.27
2018-02-12;1521.62
2018-02-09;1500.18
2018-02-08;1519.77
2018-02-07;1551.15
2018-02-06;1511.6
2018-02-05;1546.33
2018-02-02;1584.79
2018-02-01;1601.84
2018-01-31;1593.15
2018-01-30;1603.31
2018-01-29;1610.4
2018-01-26;1612.63
2018-01-25;1604.49
2018-01-24;1631.2
2018-01-23;1643.71
2018-01-22;1635.47
2018-01-19;1630.62
2018-01-18;1624.78
2018-01-17;1622.85
2018-01-16;1623.33
2018-01-15;1627.29
2018-01-12;1628.4
2018-01-11;1630.29
2018-01-10;1629.29
2018-01-09;1632.29
2018-01-08;1619.13
2018-01-05;1611.31
2018-01-04;1603.67
2018-01-03;1587.56
2018-01-02;1579.82
2017-12-29;1576.94
2017-12-28;1588.51
2017-12-27;1594.99
2017-12-22;1606.25
2017-12-21;1616.27
2017-12-20;1600.29
2017-12-19;1611.43
2017-12-18;1615.63
2017-12-15;1594.35
2017-12-14;1609.6
2017-12-13;1619.82
2017-12-12;1623.75
2017-12-11;1619.47
2017-12-08;1610.82
2017-12-07;1599.29
2017-12-06;1595.44
2017-12-05;1613.36
2017-12-04;1616.8
2017-12-01;1592.2
2017-11-30;1610.11
2017-11-29;1613.56
2017-11-28;1620.81
2017-11-27;1608.74
2017-11-24;1614.62
2017-11-23;1612.57
2017-11-22;1617.52
2017-11-21;1636.65
2017-11-20;1623.54
2017-11-17;1617.7
2017-11-16;1633.66
2017-11-15;1627
2017-11-14;1628.48
2017-11-13;1630.51
2017-11-10;1634.68
2017-11-09;1643.26
2017-11-08;1662.99
2017-11-07;1670.24
2017-11-06;1676.14
2017-11-03;1677.65
2017-11-02;1672.78
2017-11-01;1672.03
2017-10-31;1671.63
2017-10-30;1662.32
2017-10-27;1665.02
2017-10-26;1658.79
2017-10-25;1649.74
2017-10-24;1650.47
2017-10-23;1661.54
2017-10-20;1667.5
2017-10-19;1646.96
2017-10-18;1644.73
2017-10-17;1636.94
2017-10-16;1638.33
2017-10-13;1642.49
2017-10-12;1644.65
2017-10-11;1641.7
2017-10-10;1644.34
2017-10-09;1647.92
2017-10-06;1646.28
2017-10-05;1653.15
2017-10-04;1651.09
2017-10-03;1649.18
2017-10-02;1640.65
2017-09-29;1637.82
2017-09-28;1624.98
2017-09-27;1623.77
2017-09-26;1610.76
2017-09-25;1604.1
2017-09-22;1600.77
2017-09-21;1596.31
2017-09-20;1585.38
2017-09-19;1584.43
2017-09-18;1582.78
2017-09-15;1578.87
2017-09-14;1587.52
2017-09-13;1580.04
2017-09-12;1580.13
2017-09-11;1572.16
2017-09-08;1552.32
2017-09-07;1553.02
2017-09-06;1541.27
2017-09-05;1546.99
2017-09-04;1551.89
2017-09-01;1558.79
2017-08-31;1546.86
2017-08-30;1535.96
2017-08-29;1520.9
2017-08-28;1536.88
2017-08-25;1540.82
2017-08-24;1537.99
2017-08-23;1542.14
2017-08-22;1543.76
2017-08-21;1524.25
2017-08-18;1532.12
2017-08-17;1540.09
2017-08-16;1552.16
2017-08-15;1543.37
2017-08-14;1554.58
2017-08-11;1538.96
2017-08-10;1554.75
2017-08-09;1571.2
2017-08-08;1581.32
2017-08-07;1575.47
2017-08-04;1573.47
2017-08-03;1559.66
2017-08-02;1563.2
2017-08-01;1566.31
2017-07-31;1548.19
2017-07-28;1557.56
2017-07-27;1570.48
2017-07-26;1580.22
2017-07-25;1568.91
2017-07-24;1566.88
2017-07-21;1581.37
2017-07-20;1597.84
2017-07-19;1609.96
2017-07-18;1607.36
2017-07-17;1639.33
2017-07-14;1646.83
2017-07-13;1642.49
2017-07-12;1650.59
2017-07-11;1621.57
2017-07-10;1624.81
2017-07-07;1617
2017-07-06;1620.99
2017-07-05;1627.21
2017-07-04;1621.67
2017-07-03;1627.41
2017-06-30;1602.53
2017-06-29;1613.22
2017-06-28;1630.98
2017-06-27;1628.54
2017-06-26;1643.52
2017-06-22;1645.36
2017-06-21;1641.71
2017-06-20;1647.67
2017-06-19;1653.4
2017-06-16;1635.93
2017-06-15;1624.97
2017-06-14;1639.59
2017-06-13;1648.61
2017-06-12;1638.8
2017-06-09;1654.8
2017-06-08;1643.77
2017-06-07;1640.54
2017-06-05;1637.9
2017-06-02;1646.67
2017-06-01;1641.32
2017-05-31;1639.11
2017-05-30;1639.74
2017-05-29;1631.91
2017-05-26;1635.77
2017-05-24;1638.89
2017-05-23;1641.71
2017-05-22;1629.21
2017-05-19;1629.21
2017-05-18;1615.27
2017-05-17;1628.37
2017-05-16;1653.06
2017-05-15;1649.84
2017-05-12;1646.45
2017-05-11;1642.02
2017-05-10;1649.65
2017-05-09;1653.11
2017-05-08;1639.49
2017-05-05;1642.04
2017-05-04;1638.33
2017-05-03;1633.99
2017-05-02;1636.51
2017-04-28;1626.99
2017-04-27;1616.58
2017-04-26;1620.28
2017-04-25;1617.05
2017-04-24;1609.27
2017-04-21;1573.25
2017-04-20;1568.74
2017-04-19;1565.73
2017-04-18;1557.21
2017-04-13;1572.81
2017-04-12;1575.02
2017-04-11;1570.91
2017-04-10;1572.47
2017-04-07;1569.67
2017-04-06;1564.05
2017-04-05;1558.56
2017-04-04;1567.3
2017-04-03;1571.41
2017-03-31;1587.63
2017-03-30;1583.88
2017-03-29;1584.43
2017-03-28;1580.09
2017-03-27;1574.51
2017-03-24;1579.7
2017-03-23;1581.28
2017-03-22;1562.96
2017-03-21;1570.88
2017-03-20;1583.25
2017-03-17;1584.97
2017-03-16;1593.25
2017-03-15;1588.89
2017-03-14;1586
2017-03-13;1594.71
2017-03-10;1587.93
2017-03-09;1583.73
2017-03-08;1578.23
2017-03-07;1575.77
2017-03-06;1575.52
2017-03-03;1581.32
2017-03-02;1580.53
2017-03-01;1591.37
2017-02-28;1570.17
2017-02-27;1564.63
2017-02-24;1569.86
2017-02-23;1588.3
2017-02-22;1582.13
2017-02-21;1590.09
2017-02-20;1576.33
2017-02-17;1570.59
2017-02-16;1576.33
2017-02-15;1574.02
2017-02-14;1569.75
2017-02-13;1572.18
2017-02-10;1562.73
2017-02-09;1557.5
2017-02-08;1549.24
2017-02-07;1550.94
2017-02-06;1548.9
2017-02-03;1557.31
2017-02-02;1551.85
2017-02-01;1547.31
2017-01-31;1536.75
2017-01-30;1528.89
2017-01-27;1538.76
2017-01-26;1553.89
2017-01-25;1545.99
2017-01-24;1522.85
2017-01-23;1504.69
2017-01-20;1525.49
2017-01-19;1513.92
2017-01-18;1515.99
2017-01-17;1507.32
2017-01-16;1512.97
2017-01-13;1522.49
2017-01-12;1503.31
2017-01-11;1511.88
2017-01-10;1510.09
2017-01-09;1509.82
2017-01-05;1522.1
2017-01-04;1530.93
2017-01-03;1534.7
2017-01-02;1526.83
2016-12-30;1517.2
2016-12-29;1518.37
2016-12-28;1527.3
2016-12-27;1533.31
2016-12-23;1525.8
2016-12-22;1519.54
2016-12-21;1525.47
2016-12-20;1536.72
2016-12-19;1542.71
2016-12-16;1548.2
2016-12-15;1550.52
2016-12-14;1541.39
2016-12-13;1551
2016-12-12;1537.93
2016-12-09;1534.27
2016-12-08;1520.15
2016-12-07;1503.95
2016-12-06;1492.17
2016-12-05;1483.29
2016-12-02;1470.08
2016-12-01;1477.95
2016-11-30;1481.14
2016-11-29;1467.18
2016-11-28;1472.68
2016-11-25;1491.23
2016-11-24;1484.33
2016-11-23;1482.63
2016-11-22;1485.05
2016-11-21;1478.58
2016-11-18;1476.47
2016-11-17;1472.05
2016-11-16;1458.25
2016-11-15;1466.46
2016-11-14;1443.08
2016-11-11;1451.53
2016-11-10;1460.52
2016-11-09;1456.71
2016-11-08;1439.43
2016-11-07;1431.77
2016-11-04;1406.1
2016-11-03;1421.01
2016-11-02;1417.37
2016-11-01;1431.87
2016-10-31;1446.35
2016-10-28;1459.36
2016-10-27;1456.55
2016-10-26;1454.21
2016-10-25;1451.27
2016-10-24;1456.79
2016-10-21;1464.85
2016-10-20;1465.84
2016-10-19;1455.27
2016-10-18;1458.63
2016-10-17;1438.28
2016-10-14;1446
2016-10-13;1426.69
2016-10-12;1442.5
2016-10-11;1455.41
2016-10-10;1467.45
2016-10-07;1451.65
2016-10-06;1458.38
2016-10-05;1452.5
2016-10-04;1456.22
2016-10-03;1443.46
2016-09-30;1439.08
2016-09-29;1434.81
2016-09-28;1425.24
2016-09-27;1421.2
2016-09-26;1418.19
2016-09-23;1437.52
2016-09-22;1446.01
2016-09-21;1422.66
2016-09-20;1418.44
2016-09-19;1419.01
2016-09-16;1405.31
2016-09-15;1416.83
2016-09-14;1409.89
2016-09-13;1410.79
2016-09-12;1417.36
2016-09-09;1426.56
2016-09-08;1440.03
2016-09-07;1441.52
2016-09-06;1435.19
2016-09-05;1440.76
2016-09-02;1437.24
2016-09-01;1417.59
2016-08-31;1418.14
2016-08-30;1418.43
2016-08-29;1411.98
2016-08-26;1411.65
2016-08-25;1405.08
2016-08-24;1412.94
2016-08-23;1406.55
2016-08-22;1391.47
2016-08-19;1393.61
2016-08-18;1403.02
2016-08-17;1392.05
2016-08-16;1406.26
2016-08-15;1421.58
2016-08-12;1414.21
2016-08-11;1416.9
2016-08-10;1405.99
2016-08-09;1411.35
2016-08-08;1385.68
2016-08-05;1378.83
2016-08-04;1365.85
2016-08-03;1352.34
2016-08-02;1358.62
2016-08-01;1379.46
2016-07-29;1386.66
2016-07-28;1382.08
2016-07-27;1387.51
2016-07-26;1382.73
2016-07-25;1385.97
2016-07-22;1377.47
2016-07-21;1381.7
2016-07-20;1386.59
2016-07-19;1371.9
2016-07-18;1368.25
2016-07-15;1372.8
2016-07-14;1364.92
2016-07-13;1356.35
2016-07-12;1354.51
2016-07-11;1350.09
2016-07-08;1326.21
2016-07-07;1305.33
2016-07-06;1284.58
2016-07-05;1303.01
2016-07-04;1325.54
2016-07-01;1340.26
2016-06-30;1323.57
2016-06-29;1309.57
2016-06-28;1278.52
2016-06-27;1246.1
2016-06-23;1360.73
2016-06-22;1354.6
2016-06-21;1344.59
2016-06-20;1340.29
2016-06-17;1298.38
2016-06-16;1278.71
2016-06-15;1304.09
2016-06-14;1273.97
2016-06-13;1294.51
2016-06-10;1315.06
2016-06-09;1344
2016-06-08;1361.49
2016-06-07;1367.15
2016-06-03;1345.44
2016-06-02;1359.14
2016-06-01;1356.75
2016-05-31;1369.48
2016-05-30;1379.8
2016-05-27;1376.5
2016-05-26;1376.15
2016-05-25;1367.07
2016-05-24;1357.1
2016-05-23;1338.97
2016-05-20;1342.68
2016-05-19;1321.8
2016-05-18;1340.93
2016-05-17;1331.71
2016-05-16;1336.14
2016-05-13;1323.18
2016-05-12;1312.28
2016-05-11;1326.13
2016-05-10;1332.58
2016-05-09;1328.2
2016-05-06;1309.17
2016-05-04;1319.17
2016-05-03;1335.39
2016-05-02;1352.91
2016-04-29;1360.71
2016-04-28;1389.61
2016-04-27;1386.78
2016-04-26;1389.8
2016-04-25;1389.57
2016-04-22;1396.37
2016-04-21;1409.49
2016-04-20;1419.67
2016-04-19;1410.87
2016-04-18;1381.89
2016-04-15;1381.33
2016-04-14;1384.11
2016-04-13;1392.59
2016-04-12;1366.6
2016-04-11;1368.62
2016-04-08;1364.94
2016-04-07;1330.84
2016-04-06;1349.02
2016-04-05;1333.85
2016-04-04;1361.86
2016-04-01;1358.22
2016-03-31;1365.7
2016-03-30;1376.82
2016-03-29;1348.7
2016-03-24;1345.34
2016-03-23;1368.21
2016-03-22;1382.44
2016-03-21;1377.56
2016-03-18;1391.38
2016-03-17;1390.86
2016-03-16;1393.1
2016-03-15;1403.95
2016-03-14;1424.19
2016-03-11;1418.39
2016-03-10;1385.06
2016-03-09;1398.47
2016-03-08;1390.58
2016-03-07;1397.04
2016-03-04;1403.77
2016-03-03;1389.45
2016-03-02;1383.71
2016-03-01;1391.45
2016-02-29;1372.54
2016-02-26;1370.8
2016-02-25;1360.97
2016-02-24;1327.85
2016-02-23;1366.53
2016-02-22;1385.74
2016-02-19;1355.95
2016-02-18;1362.98
2016-02-17;1374.25
2016-02-16;1328.14
2016-02-15;1336.17
2016-02-12;1286.67
2016-02-11;1247.06
2016-02-10;1297.82
2016-02-09;1271.45
2016-02-08;1273.95
2016-02-05;1330.11
2016-02-04;1333.72
2016-02-03;1305.49
2016-02-02;1320.29
2016-02-01;1342.43
2016-01-29;1356.32
2016-01-28;1333.32
2016-01-27;1365.59
2016-01-26;1375.74
2016-01-25;1354.41
2016-01-22;1361.36
2016-01-21;1312.6
2016-01-20;1290.95
2016-01-19;1332.17
2016-01-18;1306.02
2016-01-15;1305.24
2016-01-14;1339.47
2016-01-13;1360.98
2016-01-12;1351.26
2016-01-11;1348.64
2016-01-08;1348.76
2016-01-07;1357.12
2016-01-05;1387.03
2016-01-04;1394.39
2015-12-30;1446.82
2015-12-29;1452.95
2015-12-28;1434.06
2015-12-23;1446.69
2015-12-22;1413.74
2015-12-21;1419.13
2015-12-18;1422.63
2015-12-17;1438.32
2015-12-16;1428.02
2015-12-15;1426.47
2015-12-14;1389.26
2015-12-11;1401.14
2015-12-10;1433.41
2015-12-09;1440.94
2015-12-08;1454.99
2015-12-07;1494.52
2015-12-04;1485.32
2015-12-03;1502.41
2015-12-02;1533.87
2015-12-01;1530.52
2015-11-30;1536.05
2015-11-27;1522
2015-11-26;1522.28
2015-11-25;1506.52
2015-11-24;1488.89
2015-11-23;1515.8
2015-11-20;1521.87
2015-11-19;1512.77
2015-11-18;1514.18
2015-11-17;1513.93
2015-11-16;1479.04
2015-11-13;1476.21
2015-11-12;1488.4
2015-11-11;1511.46
2015-11-10;1499.4
2015-11-09;1511.55
2015-11-06;1526.49
2015-11-05;1523.25
2015-11-04;1529.43
2015-11-03;1507.45
2015-11-02;1502.44
2015-10-30;1499.23
2015-10-29;1495.86
2015-10-28;1499.64
2015-10-27;1487.03
2015-10-26;1506.16
2015-10-23;1506.59
2015-10-22;1484.47
2015-10-21;1452.09
2015-10-20;1466.67
2015-10-19;1458
2015-10-16;1452.36
2015-10-15;1453.87
2015-10-14;1442.75
2015-10-13;1460.11
2015-10-12;1481.43
2015-10-09;1483.74
2015-10-08;1464.49
2015-10-07;1452.01
2015-10-06;1457.15
2015-10-05;1456.97
2015-10-02;1412.86
2015-10-01;1404.45
2015-09-30;1416.89
2015-09-29;1391.88
2015-09-28;1389.38
2015-09-25;1418.47
2015-09-24;1381.87
2015-09-23;1421.5
2015-09-22;1425.39
2015-09-21;1462.66
2015-09-18;1453.11
2015-09-17;1486.46
2015-09-16;1483.66
2015-09-15;1469.08
2015-09-14;1467.73
2015-09-11;1488.41
2015-09-10;1494.35
2015-09-09;1507.15
2015-09-08;1488.88
2015-09-07;1471.75
2015-09-04;1461.46
2015-09-03;1500.21
2015-09-02;1471.51
2015-09-01;1469.86
2015-08-31;1501.07
2015-08-28;1509.71
2015-08-27;1502.86
2015-08-26;1458.2
2015-08-25;1483.35
2015-08-24;1428.08
2015-08-21;1495.36
2015-08-20;1534.39
2015-08-19;1553.51
2015-08-18;1583.53
2015-08-17;1592.81
2015-08-14;1586.83
2015-08-13;1594.15
2015-08-12;1575.04
2015-08-11;1614.72
2015-08-10;1636.54
2015-08-07;1612.28
2015-08-06;1621.56
2015-08-05;1627.42
2015-08-04;1611.88
2015-08-03;1618.28
2015-07-31;1615.64
2015-07-30;1603.5
2015-07-29;1597.86
2015-07-28;1588.22
2015-07-27;1581.33
2015-07-24;1612.8
2015-07-23;1619.81
2015-07-22;1621.27
2015-07-21;1636.42
2015-07-20;1653.44
2015-07-17;1635.47
2015-07-16;1636.12
2015-07-15;1601.97
2015-07-14;1616.25
2015-07-13;1614.42
2015-07-10;1590.54
2015-07-09;1549.59
2015-07-08;1520.88
2015-07-07;1516.12
2015-07-06;1526.94
2015-07-03;1553.6
2015-07-02;1562.1
2015-07-01;1575.5
2015-06-30;1541.66
2015-06-29;1559.8
2015-06-26;1608.26
2015-06-25;1601.12
2015-06-24;1611.5
2015-06-23;1620.95
2015-06-22;1606.62
2015-06-18;1562.43
2015-06-17;1567.46
2015-06-16;1582.23
2015-06-15;1566.99
2015-06-12;1597.33
2015-06-11;1604.89
2015-06-10;1610.38
2015-06-09;1587.84
2015-06-08;1589.57
2015-06-05;1606.45
2015-06-04;1625.02
2015-06-03;1641.69
2015-06-02;1638.65
2015-06-01;1649.59
2015-05-29;1644.99
2015-05-28;1667.06
2015-05-27;1664.08
2015-05-26;1638.49
2015-05-25;1650.69
2015-05-22;1648.46
2015-05-21;1642.19
2015-05-20;1637.48
2015-05-19;1633.26
2015-05-18;1622.57
2015-05-15;1616.48
2015-05-13;1622.01
2015-05-12;1600.1
2015-05-11;1617.03
2015-05-08;1616.45
2015-05-07;1587.65
2015-05-06;1584.18
2015-05-05;1595.48
2015-05-04;1634.1
2015-04-30;1628.04
2015-04-29;1636.18
2015-04-28;1679.52
2015-04-27;1719.93
2015-04-24;1698.51
2015-04-23;1689.77
2015-04-22;1706.25
2015-04-21;1694.73
2015-04-20;1678.28
2015-04-17;1655.72
2015-04-16;1690.93
2015-04-15;1710.61
2015-04-14;1701.39
2015-04-13;1700.36
2015-04-10;1699.96
2015-04-09;1695.94
2015-04-08;1686.77
2015-04-07;1697.43
2015-04-02;1675.52
2015-04-01;1669.49
2015-03-31;1667.73
2015-03-30;1687.17
2015-03-27;1662.56
2015-03-26;1675.61
2015-03-25;1694.39
2015-03-24;1701.29
2015-03-23;1698.38
2015-03-20;1710.87
2015-03-19;1707.5
2015-03-18;1703.96
2015-03-17;1675.88
2015-03-16;1689.67
2015-03-13;1665.13
2015-03-12;1661.69
2015-03-11;1663.31
2015-03-10;1641.71
2015-03-09;1660.36
2015-03-06;1662.55
2015-03-05;1669.56
2015-03-04;1664.5
2015-03-03;1661.87
2015-03-02;1686.64
2015-02-27;1691.03
2015-02-26;1684.83
2015-02-25;1678.73
2015-02-24;1683.92
2015-02-23;1679.48
2015-02-20;1664.33
2015-02-19;1662.24
2015-02-18;1652.15
2015-02-17;1630.99
2015-02-16;1644.29
2015-02-13;1642.04
2015-02-12;1624.35
2015-02-11;1593.03
2015-02-10;1602.74
2015-02-09;1591.4
2015-02-06;1599.55
2015-02-05;1586.13
2015-02-04;1579.31
2015-02-03;1593.42
2015-02-02;1575.95
2015-01-30;1573.62
2015-01-29;1570.39
2015-01-28;1562.54
2015-01-27;1533.37
2015-01-26;1554.7
2015-01-23;1536.39
2015-01-22;1523.8
2015-01-21;1501.22
2015-01-20;1491.59
2015-01-19;1476.31
2015-01-16;1468.9
2015-01-15;1457.36
2015-01-14;1434.79
2015-01-13;1465.66
2015-01-12;1453.64
2015-01-09;1444.46
2015-01-08;1456.72
2015-01-07;1421.34
2015-01-05;1454.81
2015-01-02;1463.78
2014-12-30;1464.55
2014-12-29;1478.93
2014-12-23;1470.49
2014-12-22;1461.75
2014-12-19;1452.36
2014-12-18;1441.85
2014-12-17;1405.35
2014-12-16;1413.58
2014-12-15;1408.75
2014-12-12;1425.86
2014-12-11;1454.45
2014-12-10;1452.8
2014-12-09;1452.24
2014-12-08;1467.88
2014-12-05;1474.7
2014-12-04;1447.82
2014-12-03;1464.84
2014-12-02;1450.07
2014-12-01;1450.03
2014-11-28;1461.34
2014-11-27;1465.96
2014-11-26;1457.81
2014-11-25;1467.36
2014-11-24;1456.59
2014-11-21;1447.53
2014-11-20;1423.71
2014-11-19;1428.01
2014-11-18;1432.38
2014-11-17;1419.92
2014-11-14;1415.6
2014-11-13;1422.76
2014-11-12;1408.86
2014-11-11;1424.93
2014-11-10;1417.82
2014-11-07;1410.88
2014-11-06;1415.3
2014-11-05;1414.09
2014-11-04;1399.87
2014-11-03;1399.05
2014-10-31;1412.84
2014-10-30;1397.18
2014-10-29;1389.95
2014-10-28;1380.83
2014-10-27;1360.33
2014-10-24;1358.57
2014-10-23;1361.88
2014-10-22;1344.34
2014-10-21;1338.12
2014-10-20;1306.44
2014-10-17;1310.46
2014-10-16;1271.01
2014-10-15;1269.91
2014-10-14;1307.86
2014-10-13;1294.64
2014-10-10;1302.34
2014-10-09;1322.31
2014-10-08;1331.83
2014-10-07;1337.63
2014-10-06;1365.71
2014-10-03;1369.52
2014-10-02;1353.93
2014-10-01;1381.59
2014-09-30;1403
2014-09-29;1392.39
2014-09-26;1396.2
2014-09-25;1393.09
2014-09-24;1411.23
2014-09-23;1405.32
2014-09-22;1418.29
2014-09-19;1421.48
2014-09-18;1416.79
2014-09-17;1407.04
2014-09-16;1395.29
2014-09-15;1393.22
2014-09-12;1388.59
2014-09-11;1382.85
2014-09-10;1387.38
2014-09-09;1382.78
2014-09-08;1392.73
2014-09-05;1388.39
2014-09-04;1397.99
2014-09-03;1398.48
2014-09-02;1387.94
2014-09-01;1386.97
2014-08-29;1388.89
2014-08-28;1383.03
2014-08-27;1397.41
2014-08-26;1397.54
2014-08-25;1394.69
2014-08-22;1382.72
2014-08-21;1385.03
2014-08-20;1373.5
2014-08-19;1376.61
2014-08-18;1369.32
2014-08-15;1352.98
2014-08-14;1353.94
2014-08-13;1361.82
2014-08-12;1349.96
2014-08-11;1357.36
2014-08-08;1331.56
2014-08-07;1334.4
2014-08-06;1344.3
2014-08-05;1366.13
2014-08-04;1361.03
2014-08-01;1361.44
2014-07-31;1379.87
2014-07-30;1398.23
2014-07-29;1397.89
2014-07-28;1400.87
2014-07-25;1404.12
2014-07-24;1405.7
2014-07-23;1398.13
2014-07-22;1399.09
2014-07-21;1383.53
2014-07-18;1387.37
2014-07-17;1376.36
2014-07-16;1393.12
2014-07-15;1372.25
2014-07-14;1382.55
2014-07-11;1362.35
2014-07-10;1357.82
2014-07-09;1379.77
2014-07-08;1381.59
2014-07-07;1397.11
2014-07-04;1399.94
2014-07-03;1409.44
2014-07-02;1388.11
2014-07-01;1384.36
2014-06-30;1376.81
2014-06-27;1379.02
2014-06-26;1372.38
2014-06-25;1380.5
2014-06-24;1400.37
2014-06-23;1396.08
2014-06-19;1386.04
2014-06-18;1378.42
2014-06-17;1384.27
2014-06-16;1382.98
2014-06-13;1390.15
2014-06-12;1397.67
2014-06-11;1400.35
2014-06-10;1406.22
2014-06-09;1406.44
2014-06-05;1391.2
2014-06-04;1397.47
2014-06-03;1395.77
2014-06-02;1399.4
2014-05-30;1402.08
2014-05-28;1392.85
2014-05-27;1395.39
2014-05-26;1394.15
2014-05-23;1392.28
2014-05-22;1388.52
2014-05-21;1385.86
2014-05-20;1381.27
2014-05-19;1379.92
2014-05-16;1382.14
2014-05-15;1385.84
2014-05-14;1375.93
2014-05-13;1373.62
2014-05-12;1364.78
2014-05-09;1354.34
2014-05-08;1359.13
2014-05-07;1343.13
2014-05-06;1352.98
2014-05-05;1358.59
2014-05-02;1360.19
2014-04-30;1364.39
2014-04-29;1371.65
2014-04-28;1357.56
2014-04-25;1360.35
2014-04-24;1365.27
2014-04-23;1353.06
2014-04-22;1369.45
2014-04-17;1341.56
2014-04-16;1342.55
2014-04-15;1329.28
2014-04-14;1348.22
2014-04-11;1344.12
2014-04-10;1354.99
2014-04-09;1366.53
2014-04-08;1361.53
2014-04-07;1357.31
2014-04-04;1369.69
2014-04-03;1368.88
2014-04-02;1377.5
2014-04-01;1375.01
2014-03-31;1364.97
2014-03-28;1346.48
2014-03-27;1341.69
2014-03-26;1351.48
2014-03-25;1350.67
2014-03-24;1335.5
2014-03-21;1351.43
2014-03-20;1352.47
2014-03-19;1360.48
2014-03-18;1359.07
2014-03-17;1349.39
2014-03-14;1326.82
2014-03-13;1337.23
2014-03-12;1346.36
2014-03-11;1359.18
2014-03-10;1359.93
2014-03-07;1358.36
2014-03-06;1374.32
2014-03-05;1364.92
2014-03-04;1363.44
2014-03-03;1335.56
2014-02-28;1369.13
2014-02-27;1368.83
2014-02-26;1373.36
2014-02-25;1371.94
2014-02-24;1370.11
2014-02-21;1349.12
2014-02-20;1341.85
2014-02-19;1338
2014-02-18;1329.04
2014-02-17;1342.2
2014-02-14;1335.89
2014-02-13;1330.38
2014-02-12;1330.02
2014-02-11;1335.12
2014-02-10;1318.65
2014-02-07;1313.2
2014-02-06;1308.14
2014-02-05;1292.46
2014-02-04;1280.99
2014-02-03;1285.91
2014-01-31;1304.45
2014-01-30;1302.83
2014-01-29;1310.13
2014-01-28;1318.41
2014-01-27;1317.24
2014-01-24;1318.53
2014-01-23;1339.8
2014-01-22;1355.24
2014-01-21;1350.02
2014-01-20;1350.98
2014-01-17;1350.1
2014-01-16;1342.65
2014-01-15;1342.99
2014-01-14;1323.89
2014-01-13;1328.65
2014-01-10;1329.84
2014-01-09;1323.58
2014-01-08;1324.83
2014-01-07;1326.24
2014-01-03;1325.12
2014-01-02;1324.35
2013-12-30;1332.95
2013-12-27;1334.42
2013-12-23;1320.56
2013-12-20;1309.92
2013-12-19;1300.89
2013-12-18;1275.12
2013-12-17;1263.26
2013-12-16;1269.08
2013-12-13;1255.71
2013-12-12;1255
2013-12-11;1268.05
2013-12-10;1270.2
2013-12-09;1283.35
2013-12-06;1274.63
2013-12-05;1269.51
2013-12-04;1279.03
2013-12-03;1281.32
2013-12-02;1304.58
2013-11-29;1307.71
2013-11-28;1315.21
2013-11-27;1310.13
2013-11-26;1305.78
2013-11-25;1306.13
2013-11-22;1297.87
2013-11-21;1290.5
2013-11-20;1294.7
2013-11-19;1299.51
2013-11-18;1304.8
2013-11-15;1295.93
2013-11-14;1289.17
2013-11-13;1274.7
2013-11-12;1279.86
2013-11-11;1287.71
2013-11-08;1281.86
2013-11-07;1284.69
2013-11-06;1283.48
2013-11-05;1274.07
2013-11-04;1281.41
2013-11-01;1278.42
2013-10-31;1283.52
2013-10-30;1291.14
2013-10-29;1290.78
2013-10-28;1288.42
2013-10-25;1290.63
2013-10-24;1298.6
2013-10-23;1291.62
2013-10-22;1300.23
2013-10-21;1288.55
2013-10-18;1283.9
2013-10-17;1266.91
2013-10-16;1266.01
2013-10-15;1265.46
2013-10-14;1258.72
2013-10-11;1266.39
2013-10-10;1260.52
2013-10-09;1235.36
2013-10-08;1241.82
2013-10-07;1246.86
2013-10-04;1251.39
2013-10-03;1256.27
2013-10-02;1260.24
2013-10-01;1268.35
2013-09-30;1259.6
2013-09-27;1269.48
2013-09-26;1275.23
2013-09-25;1265.69
2013-09-24;1282.73
2013-09-23;1274.77
2013-09-20;1285.78
2013-09-19;1286.49
2013-09-18;1276.74
2013-09-17;1274.22
2013-09-16;1278.41
2013-09-13;1265.97
2013-09-12;1268.3
2013-09-11;1270.66
2013-09-10;1268.22
2013-09-09;1249.11
2013-09-06;1249.05
2013-09-05;1243.9
2013-09-04;1242.52
2013-09-03;1238.64
2013-09-02;1230.88
2013-08-30;1214.35
2013-08-29;1224.31
2013-08-28;1218.15
2013-08-27;1224.85
2013-08-26;1245.99
2013-08-23;1243.82
2013-08-22;1237.14
2013-08-21;1226.05
2013-08-20;1247.15
2013-08-19;1250.84
2013-08-16;1255.02
2013-08-15;1245.35
2013-08-14;1262.48
2013-08-13;1260.44
2013-08-12;1253.69
2013-08-09;1253.79
2013-08-08;1249.22
2013-08-07;1240.41
2013-08-06;1242.12
2013-08-05;1251.77
2013-08-02;1250.54
2013-08-01;1248.38
2013-07-31;1234.07
2013-07-30;1236.86
2013-07-29;1226.98
2013-07-26;1227.86
2013-07-25;1232.95
2013-07-24;1230.34
2013-07-23;1216.68
2013-07-22;1213.38
2013-07-19;1221.21
2013-07-18;1217.57
2013-07-17;1211.1
2013-07-16;1212.62
2013-07-15;1215.23
2013-07-12;1210.73
2013-07-11;1211.37
2013-07-10;1195.31
2013-07-09;1194.75
2013-07-08;1182.64
2013-07-05;1167.52
2013-07-04;1175.22
2013-07-03;1154.54
2013-07-02;1161.38
2013-07-01;1165.64
2013-06-28;1151
2013-06-27;1161
2013-06-26;1144.78
2013-06-25;1129.25
2013-06-24;1112.14
2013-06-20;1138.6
2013-06-19;1174.84
2013-06-18;1193.95
2013-06-17;1191.39
2013-06-14;1177.59
2013-06-13;1173.57
2013-06-12;1177.26
2013-06-11;1184.62
2013-06-10;1192.86
2013-06-07;1192.98
2013-06-05;1185.04
2013-06-04;1207.56
2013-06-03;1209.71
2013-05-31;1214.77
2013-05-30;1225.18
2013-05-29;1222.37
2013-05-28;1244.04
2013-05-27;1231.68
2013-05-24;1217.06
2013-05-23;1224.45
2013-05-22;1254.57
2013-05-21;1248.14
2013-05-20;1243.37
2013-05-17;1244.25
2013-05-16;1235
2013-05-15;1230.12
2013-05-14;1224.85
2013-05-13;1223.89
2013-05-10;1227.31
2013-05-08;1221.83
2013-05-07;1208.1
2013-05-06;1205.17
2013-05-03;1203.34
2013-05-02;1194.42
2013-04-30;1198.99
2013-04-29;1198.11
2013-04-26;1194.66
2013-04-25;1194.86
2013-04-24;1176.91
2013-04-23;1172.79
2013-04-22;1143.3
2013-04-19;1147.31
2013-04-18;1146.65
2013-04-17;1147.48
2013-04-16;1167.48
2013-04-15;1177.61
2013-04-12;1185.33
2013-04-11;1195.53
2013-04-10;1193.66
2013-04-09;1175.62
2013-04-08;1164.85
2013-04-05;1168.79
2013-04-04;1183.01
2013-04-03;1203.38
2013-04-02;1210.08
2013-03-28;1201.19
2013-03-27;1194.49
2013-03-26;1194.99
2013-03-25;1195.58
2013-03-22;1196.43
2013-03-21;1187.72
2013-03-20;1203.1
2013-03-19;1195.98
2013-03-18;1209.67
2013-03-15;1217.35
2013-03-14;1221.85
2013-03-13;1210.89
2013-03-12;1208.52
2013-03-11;1218.08
2013-03-08;1215.14
2013-03-07;1208.09
2013-03-06;1208.39
2013-03-05;1217.41
2013-03-04;1203.47
2013-03-01;1199.21
2013-02-28;1199.4
2013-02-27;1194.07
2013-02-26;1180.9
2013-02-25;1199.44
2013-02-22;1205.1
2013-02-21;1188.95
2013-02-20;1200.54
2013-02-19;1193.77
2013-02-18;1185.98
2013-02-15;1183.43
2013-02-14;1182.91
2013-02-13;1185.46
2013-02-12;1175.98
2013-02-11;1171.01
2013-02-08;1175.05
2013-02-07;1165.71
2013-02-06;1174.79
2013-02-05;1175.54
2013-02-04;1161.19
2013-02-01;1176.11
2013-01-31;1169.17
2013-01-30;1173.38
2013-01-29;1161.97
2013-01-28;1160.25
2013-01-25;1158.5
2013-01-24;1146.93
2013-01-23;1140.82
2013-01-22;1139.15
2013-01-21;1143.09
2013-01-18;1135.02
2013-01-17;1136.2
2013-01-16;1130.62
2013-01-15;1127.51
2013-01-14;1132.84
2013-01-11;1132.28
2013-01-10;1126.87
2013-01-09;1127.67
2013-01-08;1125.39
2013-01-07;1130.13
2013-01-04;1136.77
2013-01-03;1130.4
2013-01-02;1129.96
2012-12-28;1104.73
2012-12-27;1110.91
2012-12-21;1107.93
2012-12-20;1108.07
2012-12-19;1108.94
2012-12-18;1107.48
2012-12-17;1101.71
2012-12-14;1098.08
2012-12-13;1092.12
2012-12-12;1103.35
2012-12-11;1108.96
2012-12-10;1105.95
2012-12-07;1098.62
2012-12-06;1098.03
2012-12-05;1091.33
2012-12-04;1088.6
2012-12-03;1088.88
2012-11-30;1085.85
2012-11-29;1085.03
2012-11-28;1069.39
2012-11-27;1071.73
2012-11-26;1068.98
2012-11-23;1071.77
2012-11-22;1060.98
2012-11-21;1053.64
2012-11-20;1053.91
2012-11-19;1051.36
2012-11-16;1027.04
2012-11-15;1038.33
2012-11-14;1052.22
2012-11-13;1052.98
2012-11-12;1052.3
2012-11-09;1052.15
2012-11-08;1055.52
2012-11-07;1056.4
2012-11-06;1072.48
2012-11-05;1063.35
2012-11-02;1069.91
2012-11-01;1062.51
2012-10-31;1052.11
2012-10-30;1059.2
2012-10-29;1055.57
2012-10-26;1059.2
2012-10-25;1057.74
2012-10-24;1050.47
2012-10-23;1048.6
2012-10-22;1067.28
2012-10-19;1064.64
2012-10-18;1082.72
2012-10-17;1075.5
2012-10-16;1072.86
2012-10-15;1063.71
2012-10-12;1058.7
2012-10-11;1065.34
2012-10-10;1061.55
2012-10-09;1073.66
2012-10-08;1079.91
2012-10-05;1093.54
2012-10-04;1083.09
2012-10-03;1080.24
2012-10-02;1084.97
2012-10-01;1085.14
2012-09-28;1072.45
2012-09-27;1083.62
2012-09-26;1088.16
2012-09-25;1105.73
2012-09-24;1099.73
2012-09-21;1099.89
2012-09-20;1100.23
2012-09-19;1106.43
2012-09-18;1100.98
2012-09-17;1108.53
2012-09-14;1114.98
2012-09-13;1086.3
2012-09-12;1085.76
2012-09-11;1076.57
2012-09-10;1067.57
2012-09-07;1070.87
2012-09-06;1058.45
2012-09-05;1038.13
2012-09-04;1035.74
2012-09-03;1049.52
2012-08-31;1043.93
2012-08-30;1038.38
2012-08-29;1045.73
2012-08-28;1040.83
2012-08-27;1065.55
2012-08-24;1058.58
2012-08-23;1055.17
2012-08-22;1061.8
2012-08-21;1085.07
2012-08-20;1084.06
2012-08-17;1091.45
2012-08-16;1078.04
2012-08-15;1075.17
2012-08-14;1079.46
2012-08-13;1077.27
2012-08-10;1079.52
2012-08-09;1083.67
2012-08-08;1079.95
2012-08-07;1075.7
2012-08-06;1076.44
2012-08-03;1081.07
2012-08-02;1058.1
2012-08-01;1065.91
2012-07-31;1068.16
2012-07-30;1066.13
2012-07-27;1059.75
2012-07-26;1048.37
2012-07-25;1029.3
2012-07-24;1021.77
2012-07-23;1021.81
2012-07-20;1041.56
2012-07-19;1050.71
2012-07-18;1032.82
2012-07-17;1024.44
2012-07-16;1037.8
2012-07-13;1030.94
2012-07-12;1013.72
2012-07-11;1026.12
2012-07-10;1028.09
2012-07-09;1020.44
2012-07-06;1023.87
2012-07-05;1035.87
2012-07-04;1038.42
2012-07-03;1040.16
2012-07-02;1024.86
2012-06-29;1019.06
2012-06-28;979.53
2012-06-27;991.97
2012-06-26;981.64
2012-06-25;985.34
2012-06-21;1009.84
2012-06-20;1014.99
2012-06-19;1000.19
2012-06-18;981.05
2012-06-15;977.53
2012-06-14;971.66
2012-06-13;976.01
2012-06-12;987.16
2012-06-11;982.29
2012-06-08;975.76
2012-06-07;981.95
2012-06-05;951.91
2012-06-04;946.12
2012-06-01;956.7
2012-05-31;975.98
2012-05-30;986.61
2012-05-29;1001.83
2012-05-28;985.12
2012-05-25;985.03
2012-05-24;986.62
2012-05-23;974.56
2012-05-22;1000.53
2012-05-21;975.97
2012-05-18;955.98
2012-05-16;986.94
2012-05-15;999.22
2012-05-14;1004.87
2012-05-11;1032.41
2012-05-10;1026.5
2012-05-09;1018.53
2012-05-08;1018.54
2012-05-07;1030.71
2012-05-04;1031.95
2012-05-03;1059.9
2012-05-02;1051.48
2012-04-30;1059.62
2012-04-27;1056.67
2012-04-26;1035.01
2012-04-25;1041.67
2012-04-24;1026.62
2012-04-23;1007.32
2012-04-20;1055.73
2012-04-19;1041.64
2012-04-18;1036.15
2012-04-17;1055.24
2012-04-16;1036.41
2012-04-13;1027.72
2012-04-12;1049.86
2012-04-11;1026.8
2012-04-10;1013.62
2012-04-05;1036.4
2012-04-04;1041.61
2012-04-03;1080.56
2012-04-02;1086.47
2012-03-30;1074.48
2012-03-29;1058.32
2012-03-28;1083.92
2012-03-27;1095.42
2012-03-26;1102.88
2012-03-23;1084.29
2012-03-22;1077.34
2012-03-21;1088.76
2012-03-20;1104.62
2012-03-19;1121.39
2012-03-16;1123.35
2012-03-15;1121.1
2012-03-14;1115.66
2012-03-13;1106.12
2012-03-12;1092.31
2012-03-09;1089.8
2012-03-08;1091.31
2012-03-07;1062.64
2012-03-06;1057.57
2012-03-05;1097.42
2012-03-02;1105.11
2012-03-01;1104.58
2012-02-29;1101.76
2012-02-28;1102.17
2012-02-27;1093.57
2012-02-24;1100.01
2012-02-23;1096.17
2012-02-22;1096.06
2012-02-21;1106.42
2012-02-20;1111.96
2012-02-17;1099.55
2012-02-16;1088.18
2012-02-15;1082.7
2012-02-14;1069.64
2012-02-13;1074.31
2012-02-10;1065.37
2012-02-09;1077.12
2012-02-08;1074.61
2012-02-07;1074.37
2012-02-06;1074.11
2012-02-03;1078.66
2012-02-02;1066.12
2012-02-01;1065.29
2012-01-31;1036.34
2012-01-30;1028.36
2012-01-27;1041.4
2012-01-26;1046.01
2012-01-25;1026
2012-01-24;1034.04
2012-01-23;1042.37
2012-01-20;1033.3
2012-01-19;1037.82
2012-01-18;1028.62
2012-01-17;1025.06
2012-01-16;1013.51
2012-01-13;1009
2012-01-12;1015.5
2012-01-11;1009.61
2012-01-10;1012.68
2012-01-09;996.89
2012-01-05;1002.18
2012-01-04;1006.31
2012-01-03;1018.8
2012-01-02;999.43
2011-12-30;987.85
2011-12-29;977.52
2011-12-28;969.36
2011-12-27;976.9
2011-12-23;982.08
2011-12-22;970.9
2011-12-21;959.6
2011-12-20;959.67
2011-12-19;934.27
2011-12-16;937.69
2011-12-15;946.68
2011-12-14;939.3
2011-12-13;956.12
2011-12-12;941.85
2011-12-09;963.25
2011-12-08;956.57
2011-12-07;978.82
2011-12-06;977.46
2011-12-05;988.71
2011-12-02;974.48
2011-12-01;967.31
2011-11-30;979.36
2011-11-29;931.44
2011-11-28;927.16
2011-11-25;889.22
2011-11-24;886.51
2011-11-23;888.81
2011-11-22;905.76
2011-11-21;907.4
2011-11-18;941.25
2011-11-17;947.46
2011-11-16;961.17
2011-11-15;959.34
2011-11-14;962.91
2011-11-11;976.51
2011-11-10;945.9
2011-11-09;946.72
2011-11-08;970.45
2011-11-07;968.39
2011-11-04;987.16
2011-11-03;979.78
2011-11-02;964.9
2011-11-01;945.86
2011-10-31;990.44
2011-10-28;1025.72
2011-10-27;1029.34
2011-10-26;983.08
2011-10-25;975.67
2011-10-24;978.08
2011-10-21;965.2
2011-10-20;934.05
2011-10-19;942.22
2011-10-18;945.53
2011-10-17;939.4
2011-10-14;956.39
2011-10-13;936.22
2011-10-12;957.74
2011-10-11;946.78
2011-10-10;948.29
2011-10-07;918.28
2011-10-06;920.5
2011-10-05;899.76
2011-10-04;867.02
2011-10-03;902.72
2011-09-30;910.17
2011-09-29;930.36
2011-09-28;904.35
2011-09-27;927.27
2011-09-26;872.98
2011-09-23;862.35
2011-09-22;862.17
2011-09-21;906.4
2011-09-20;918.76
2011-09-19;895.42
2011-09-16;927.15
2011-09-15;924.62
2011-09-14;890.68
2011-09-13;878.4
2011-09-12;862.58
2011-09-09;884.6
2011-09-08;918.82
2011-09-07;918.02
2011-09-06;887.27
2011-09-05;887.41
2011-09-02;932.1
2011-09-01;961.55
2011-08-31;954.63
2011-08-30;930.13
2011-08-29;927.37
2011-08-26;904.32
2011-08-25;903.21
2011-08-24;916.26
2011-08-23;905.67
2011-08-22;887.85
2011-08-19;877.43
2011-08-18;893.08
2011-08-17;957.53
2011-08-16;957.37
2011-08-15;967.58
2011-08-12;957.59
2011-08-11;937.7
2011-08-10;904.58
2011-08-09;930.03
2011-08-08;902.07
2011-08-05;947.78
2011-08-04;939.63
2011-08-03;981.51
2011-08-02;1012.7
2011-08-01;1039.05
2011-07-29;1065.97
2011-07-28;1068.79
2011-07-27;1070.5
2011-07-26;1078.13
2011-07-25;1086.38
2011-07-22;1091
2011-07-21;1088.16
2011-07-20;1093.59
2011-07-19;1076.71
2011-07-18;1056.12
2011-07-15;1079.64
2011-07-14;1091.62
2011-07-13;1108.13
2011-07-12;1099.19
2011-07-11;1103.39
2011-07-08;1120.58
2011-07-07;1135.15
2011-07-06;1118.86
2011-07-05;1127.26
2011-07-04;1125.91
2011-07-01;1118.05
2011-06-30;1115.23
2011-06-29;1100.03
2011-06-28;1072.36
2011-06-27;1068.89
2011-06-23;1055.24
2011-06-22;1073.15
2011-06-21;1092.07
2011-06-20;1067.3
2011-06-17;1083.44
2011-06-16;1078.5
2011-06-15;1089.38
2011-06-14;1106.49
2011-06-13;1089.92
2011-06-10;1095.69
2011-06-09;1112.25
2011-06-08;1102.96
2011-06-07;1128.86
2011-06-03;1133.67
2011-06-01;1159.47
2011-05-31;1151.36
2011-05-30;1146.41
2011-05-27;1149.12
2011-05-26;1140.4
2011-05-25;1151.92
2011-05-24;1134.97
2011-05-23;1137.69
2011-05-20;1167.07
2011-05-19;1166.15
2011-05-18;1158.06
2011-05-17;1157.68
2011-05-16;1173.48
2011-05-13;1166.54
2011-05-12;1166.53
2011-05-11;1173.79
2011-05-10;1167.53
2011-05-09;1157.13
2011-05-06;1157.83
2011-05-05;1148.83
2011-05-04;1148.64
2011-05-03;1153.87
2011-05-02;1163.46
2011-04-29;1162.84
2011-04-28;1161.46
2011-04-27;1154.47
2011-04-26;1153.46
2011-04-21;1141.13
2011-04-20;1140.58
2011-04-19;1116.84
2011-04-18;1106.79
2011-04-15;1123.81
2011-04-14;1129.88
2011-04-13;1137.87
2011-04-12;1131.72
2011-04-11;1148.69
2011-04-08;1151.37
2011-04-07;1145.56
2011-04-06;1156.52
2011-04-05;1149.13
2011-04-04;1151.27
2011-04-01;1145.6
2011-03-31;1134.87
2011-03-30;1138.06
2011-03-29;1130.71
2011-03-28;1132.27
2011-03-25;1127.1
2011-03-24;1127.08
2011-03-23;1113.27
2011-03-22;1105.94
2011-03-21;1106.92
2011-03-18;1091.37
2011-03-17;1075.33
2011-03-16;1055.45
2011-03-15;1064.6
2011-03-14;1091.56
2011-03-11;1102.22
2011-03-10;1118.99
2011-03-09;1126.58
2011-03-08;1122.89
2011-03-07;1117.98
2011-03-04;1112.38
2011-03-03;1110.8
2011-03-02;1103.61
2011-03-01;1119.16
2011-02-28;1128.66
2011-02-25;1116.79
2011-02-24;1102.3
2011-02-23;1098.07
2011-02-22;1112.35
2011-02-21;1113.98
2011-02-18;1117.23
2011-02-17;1110.69
2011-02-16;1128
2011-02-15;1125.85
2011-02-14;1134.05
2011-02-11;1139.97
2011-02-10;1127
2011-02-09;1134.83
2011-02-08;1132.83
2011-02-07;1140.5
2011-02-04;1139.31
2011-02-03;1138.72
2011-02-02;1130.42
2011-02-01;1146.79
2011-01-31;1147.22
2011-01-28;1151.8
2011-01-27;1165.71
2011-01-26;1173.85
2011-01-25;1152.69
2011-01-24;1148.74
2011-01-21;1150.84
2011-01-20;1136.42
2011-01-19;1155.64
2011-01-18;1179.29
2011-01-17;1169.53
2011-01-14;1173.28
2011-01-13;1174.43
2011-01-12;1174.1
2011-01-11;1174.36
2011-01-10;1152.61
2011-01-07;1159.45
2011-01-05;1151.8
2011-01-04;1165.88
2011-01-03;1176.85
2010-12-30;1155.57
2010-12-29;1165.11
2010-12-28;1159.8
2010-12-27;1160.28
2010-12-23;1160.55
2010-12-22;1163.27
2010-12-21;1166
2010-12-20;1154.19
2010-12-17;1153.13
2010-12-16;1153.85
2010-12-15;1156.4
2010-12-14;1155.84
2010-12-13;1146.15
2010-12-10;1139.16
2010-12-09;1133.52
2010-12-08;1145.63
2010-12-07;1148.98
2010-12-06;1144.44
2010-12-03;1149.56
2010-12-02;1145.51
2010-12-01;1134.27
2010-11-30;1107.05
2010-11-29;1104.35
2010-11-26;1110.11
2010-11-25;1111.16
2010-11-24;1100
2010-11-23;1088.81
2010-11-22;1106.55
2010-11-19;1110.55
2010-11-18;1106.32
2010-11-17;1086.53
2010-11-16;1083.92
2010-11-15;1104.04
2010-11-12;1094.55
2010-11-11;1103.12
2010-11-10;1106.34
2010-11-09;1113.42
2010-11-08;1105.31
2010-11-05;1098.69
2010-11-04;1109.37
2010-11-03;1089.47
2010-11-02;1096.59
2010-11-01;1091.69
2010-10-29;1089.32
2010-10-28;1091.65
2010-10-27;1103.86
2010-10-26;1106.48
2010-10-25;1110.38
2010-10-22;1109.96
2010-10-21;1116.63
2010-10-20;1098.88
2010-10-19;1095.46
2010-10-18;1097.3
2010-10-15;1094.52
2010-10-14;1098.43
2010-10-13;1104.08
2010-10-12;1089.89
2010-10-11;1092.34
2010-10-08;1085.51
2010-10-07;1085.78
2010-10-06;1089.08
2010-10-05;1089.31
2010-10-04;1068.74
2010-10-01;1082.37
2010-09-30;1087.71
2010-09-29;1085.09
2010-09-28;1090.77
2010-09-27;1086.24
2010-09-24;1095.59
2010-09-23;1074.07
2010-09-22;1085.11
2010-09-21;1093.41
2010-09-20;1092.49
2010-09-17;1081.98
2010-09-16;1078.19
2010-09-15;1080.22
2010-09-14;1082.49
2010-09-13;1080.72
2010-09-10;1068.89
2010-09-09;1067.04
2010-09-08;1059.6
2010-09-07;1048.65
2010-09-06;1052.53
2010-09-03;1047.99
2010-09-02;1043.09
2010-09-01;1049.26
2010-08-31;1011.7
2010-08-30;1008.52
2010-08-27;1018.89
2010-08-26;1006.16
2010-08-25;995.68
2010-08-24;1005.34
2010-08-23;1021.78
2010-08-20;1020.63
2010-08-19;1040.42
2010-08-18;1057.2
2010-08-17;1057.14
2010-08-16;1046.09
2010-08-13;1036.45
2010-08-12;1031.23
2010-08-11;1036.28
2010-08-10;1063.32
2010-08-09;1073.53
2010-08-06;1065.22
2010-08-05;1074.4
2010-08-04;1071.28
2010-08-03;1073.17
2010-08-02;1074.61
2010-07-30;1047.26
2010-07-29;1049.02
2010-07-28;1050.84
2010-07-27;1059.29
2010-07-26;1059.44
2010-07-23;1057.77
2010-07-22;1065.37
2010-07-21;1040.84
2010-07-20;1027.36
2010-07-19;1032.73
2010-07-16;1034.69
2010-07-15;1055.52
2010-07-14;1063.74
2010-07-13;1061.1
2010-07-12;1030.18
2010-07-09;1028.12
2010-07-08;1013.16
2010-07-07;1020.43
2010-07-06;1009.41
2010-07-05;980.94
2010-07-02;983.3
2010-07-01;981.54
2010-06-30;1005.93
2010-06-29;993.92
2010-06-28;1025.89
2010-06-24;1021.43
2010-06-23;1047.67
2010-06-22;1059.38
2010-06-21;1060.51
2010-06-18;1054.58
2010-06-17;1046.51
2010-06-16;1045.73
2010-06-15;1045.29
2010-06-14;1032.6
2010-06-11;1016.29
2010-06-10;1017.74
2010-06-09;996.84
2010-06-08;972
2010-06-07;977.63
2010-06-04;988.46
2010-06-03;1005.93
2010-06-02;989.77
2010-06-01;981.25
2010-05-31;980.63
2010-05-28;979.12
2010-05-27;978.55
2010-05-26;957.05
2010-05-25;931.48
2010-05-24;953.54
2010-05-21;953.77
2010-05-20;947.93
2010-05-19;969.06
2010-05-18;1000.41
2010-05-17;991.58
2010-05-14;984.91
2010-05-12;1010.25
2010-05-11;993.04
2010-05-10;1005.34
2010-05-07;944.57
2010-05-06;977.25
2010-05-05;1000.7
2010-05-04;1027.5
2010-05-03;1059.44
2010-04-30;1053.88
2010-04-29;1061.77
2010-04-28;1042.87
2010-04-27;1042.82
2010-04-26;1067.9
2010-04-23;1066.82
2010-04-22;1038.34
2010-04-21;1042.48
2010-04-20;1055.34
2010-04-19;1043.04
2010-04-16;1050.24
2010-04-15;1053.25
2010-04-14;1051.76
2010-04-13;1046.5
2010-04-12;1048.27
2010-04-09;1044.58
2010-04-08;1036.73
2010-04-07;1042.78
2010-04-06;1046
2010-04-01;1036.93
2010-03-31;1021.08
2010-03-30;1022.79
2010-03-29;1026.7
2010-03-26;1027.42
2010-03-25;1033.34
2010-03-24;1027.08
2010-03-23;1030.13
2010-03-22;1021.42
2010-03-19;1020.26
2010-03-18;1018.19
2010-03-17;1025.58
2010-03-16;1020.05
2010-03-15;1013.51
2010-03-12;1018.15
2010-03-11;1008.93
2010-03-10;1013.04
2010-03-09;1000.5
2010-03-08;1003.39
2010-03-05;998.07
2010-03-04;984.33
2010-03-03;981.19
2010-03-02;971.67
2010-03-01;966.38
2010-02-26;947.39
2010-02-25;940.51
2010-02-24;944.31
2010-02-23;942.05
2010-02-22;954.1
2010-02-19;957.27
2010-02-18;946.97
2010-02-17;943.69
2010-02-16;934.31
2010-02-15;923.37
2010-02-12;931.35
2010-02-11;943.66
2010-02-10;937.05
2010-02-09;944.8
2010-02-08;938.42
2010-02-05;935.89
2010-02-04;948.62
2010-02-03;970
2010-02-02;971.8
2010-02-01;967.77
2010-01-29;953.71
2010-01-28;937.22
2010-01-27;946.7
2010-01-26;942.94
2010-01-25;947.56
2010-01-22;951.06
2010-01-21;954.02
2010-01-20;957.53
2010-01-19;976
2010-01-18;974.05
2010-01-15;970.65
2010-01-14;981.5
2010-01-13;974.96
2010-01-12;969.55
2010-01-11;978.18
2010-01-08;973.44
2010-01-07;965.82
2010-01-05;967.27
2010-01-04;963.56
2009-12-30;951.72
2009-12-29;965.8
2009-12-28;965.05
2009-12-23;961.54
2009-12-22;961.88
2009-12-21;948.38
2009-12-18;936.03
2009-12-17;946.58
2009-12-16;959.6
2009-12-15;949.07
2009-12-14;956.25
2009-12-11;949.84
2009-12-10;947.33
2009-12-09;944.95
2009-12-08;953.48
2009-12-07;966.14
2009-12-04;966.97
2009-12-03;954.64
2009-12-02;957.1
2009-12-01;953.88
2009-11-30;936.19
2009-11-27;952.53
2009-11-26;939.68
2009-11-25;971.42
2009-11-24;965.54
2009-11-23;975.47
2009-11-20;951.57
2009-11-19;951.44
2009-11-18;965.88
2009-11-17;964.52
2009-11-16;975.01
2009-11-13;967.44
2009-11-12;970.36
2009-11-11;964.55
2009-11-10;957.98
2009-11-09;960.46
2009-11-06;941.48
2009-11-05;944.22
2009-11-04;937.42
2009-11-03;919.27
2009-11-02;932.06
2009-10-30;944.67
2009-10-29;939.82
2009-10-28;924.27
2009-10-27;929.54
2009-10-26;918.24
2009-10-23;932.29
2009-10-22;927.47
2009-10-21;940.22
2009-10-20;942.67
2009-10-19;941.67
2009-10-16;927.76
2009-10-15;927.05
2009-10-14;928.59
2009-10-13;903.03
2009-10-12;910.79
2009-10-09;899.7
2009-10-08;895.35
2009-10-07;885.43
2009-10-06;891.88
2009-10-05;876.43
2009-10-02;867.84
2009-10-01;878.33
2009-09-30;896.76
2009-09-29;902.82
2009-09-28;913.55
2009-09-25;899.87
2009-09-24;901.87
2009-09-23;922.99
2009-09-22;922.24
2009-09-21;913.05
2009-09-18;920.23
2009-09-17;923.82
2009-09-16;918.44
2009-09-15;913.07
2009-09-14;914.31
2009-09-11;918.19
2009-09-10;916.53
2009-09-09;921.48
2009-09-08;905.68
2009-09-07;903.62
2009-09-04;891.39
2009-09-03;879.28
2009-09-02;873.35
2009-09-01;888.5
2009-08-31;904.84
2009-08-28;919.91
2009-08-27;901.95
2009-08-26;902.79
2009-08-25;916.06
2009-08-24;921.63
2009-08-21;913.84
2009-08-20;886.46
2009-08-19;869.23
2009-08-18;873.1
2009-08-17;858.15
2009-08-14;876.74
2009-08-13;888.87
2009-08-12;876.71
2009-08-11;864.03
2009-08-10;883.14
2009-08-07;892.19
2009-08-06;873.88
2009-08-05;874.46
2009-08-04;879.45
2009-08-03;895.14
2009-07-31;882.05
2009-07-30;879.2
2009-07-29;858.05
2009-07-28;852.51
2009-07-27;854.62
2009-07-25;870.98
2009-07-24;870.98
2009-07-23;871.89
2009-07-22;852.9
2009-07-21;852.26
2009-07-20;843.48
2009-07-19;842.15
2009-07-17;842.15
2009-07-16;823.33
2009-07-15;820.93
2009-07-14;794.3
2009-07-13;785.99
2009-07-10;774.12
2009-07-09;777.98
2009-07-08;777.48
2009-07-07;784.56
2009-07-06;783.34
2009-07-03;790.45
2009-07-02;792.45
2009-07-01;813.7
2009-06-30;795.8
2009-06-29;804.33
2009-06-26;786.82
2009-06-25;779.12
2009-06-24;783.48
2009-06-23;753.94
2009-06-22;754.52
2009-06-18;778.09
2009-06-17;773.99
2009-06-16;789.22
2009-06-15;784.49
2009-06-12;799.65
2009-06-11;805.85
2009-06-10;787.11
2009-06-09;769.67
2009-06-08;770.32
2009-06-05;770.48
2009-06-04;768.57
2009-06-03;770.61
2009-06-02;795.25
2009-06-01;801.57
2009-05-29;776.5
2009-05-28;771.82
2009-05-27;773.68
2009-05-26;773.7
2009-05-25;770.24
2009-05-22;769.4
2009-05-20;783.72
2009-05-19;789.19
2009-05-18;779.89
2009-05-15;764.77
2009-05-14;757.66
2009-05-13;748.1
2009-05-12;769.34
2009-05-11;783.39
2009-05-08;802.03
2009-05-07;792.47
2009-05-06;799.42
2009-05-05;783.03
2009-05-04;779.5
2009-04-30;763.89
2009-04-29;768.8
2009-04-28;751.28
2009-04-27;782.65
2009-04-24;779.16
2009-04-23;772.79
2009-04-22;768.11
2009-04-21;741.44
2009-04-20;731.1
2009-04-17;767.75
2009-04-16;745.55
2009-04-15;729.63
2009-04-14;744.16
2009-04-09;717.66
2009-04-08;707.32
2009-04-07;702.18
2009-04-06;709.57
2009-04-03;711.16
2009-04-02;713.8
2009-04-01;679.51
2009-03-31;653.04
2009-03-30;633.09
2009-03-27;655.59
2009-03-26;667.03
2009-03-25;665.76
2009-03-24;654.12
2009-03-23;667.98
2009-03-20;661.59
2009-03-19;679.58
2009-03-18;662.76
2009-03-17;664.05
2009-03-16;675.89
2009-03-13;659.31
2009-03-12;667.65
2009-03-11;666.58
2009-03-10;650.61
2009-03-09;615.55
2009-03-06;607.45
2009-03-05;608.98
2009-03-04;630.23
2009-03-03;604.31
2009-03-02;619.27
2009-02-27;640.39
2009-02-26;643.94
2009-02-25;617.4
2009-02-24;617.95
2009-02-23;619.13
2009-02-20;636.14
2009-02-19;662.45
2009-02-18;653.24
2009-02-17;647.84
2009-02-16;681.61
2009-02-13;677.7
2009-02-12;672.86
2009-02-11;676.35
2009-02-10;676.48
2009-02-09;688.42
2009-02-06;670.54
2009-02-05;643.2
2009-02-04;644.71
2009-02-03;622.74
2009-02-02;602.08
2009-01-30;617.38
2009-01-29;616.1
2009-01-28;639.29
2009-01-27;624.05
2009-01-26;623.25
2009-01-23;604.12
2009-01-22;608.73
2009-01-21;615.11
2009-01-20;597.76
2009-01-19;621.8
2009-01-16;628.69
2009-01-15;620.32
2009-01-14;622.59
2009-01-13;656.62
2009-01-12;667.97
2009-01-09;685.83
2009-01-08;695.95
2009-01-07;701.41
2009-01-05;693.76
2009-01-02;693.78
2008-12-30;662.33
2008-12-29;657.27
2008-12-23;659.18
2008-12-22;655.63
2008-12-19;663.98
2008-12-18;672.26
2008-12-17;664.34
2008-12-16;667
2008-12-15;651.18
2008-12-12;659.8
2008-12-11;676.78
2008-12-10;688.33
2008-12-09;685.42
2008-12-08;666.65
2008-12-05;608.64
2008-12-04;640.39
2008-12-03;643.66
2008-12-02;636.64
2008-12-01;607.09
2008-11-28;641.74
2008-11-27;645.51
2008-11-26;628.86
2008-11-25;634.02
2008-11-24;626.46
2008-11-21;567.61
2008-11-20;587.71
2008-11-19;594.12
2008-11-18;627.37
2008-11-17;631.92
2008-11-14;635.59
2008-11-13;634.72
2008-11-12;630.26
2008-11-11;649.46
2008-11-10;684.71
2008-11-07;679.2
2008-11-06;658.02
2008-11-05;702.52
2008-11-04;713.67
2008-11-03;667.88
2008-10-31;638.91
2008-10-30;646.09
2008-10-29;615.67
2008-10-28;582.5
2008-10-27;575.71
2008-10-24;593.87
2008-10-23;631.19
2008-10-22;642.19
2008-10-21;666.8
2008-10-20;661.7
2008-10-17;632.34
2008-10-16;627.55
2008-10-15;647.03
2008-10-14;686.24
2008-10-13;675.85
2008-10-10;622.98
2008-10-09;659.07
2008-10-08;663.69
2008-10-07;707.21
2008-10-06;723.91
2008-10-03;780.39
2008-10-02;761.69
2008-10-01;769.33
2008-09-30;768.49
2008-09-29;774.33
2008-09-26;821.38
2008-09-25;836.86
2008-09-24;816.7
2008-09-23;821.11
2008-09-22;836.43
2008-09-19;851.72
2008-09-18;781.53
2008-09-17;779.37
2008-09-16;808.91
2008-09-15;822.6
2008-09-12;847.79
2008-09-11;827.66
2008-09-10;840.33
2008-09-09;846.6
2008-09-08;855.95
2008-09-05;825.01
2008-09-04;850.53
2008-09-03;880.75
2008-09-02;889.36
2008-09-01;873.41
2008-08-29;870.86
2008-08-28;876.74
2008-08-27;862.93
2008-08-26;860.71
2008-08-25;852.2
2008-08-22;865.02
2008-08-21;837.07
2008-08-20;842.44
2008-08-19;838
2008-08-18;875.27
2008-08-15;873.33
2008-08-14;874.73
2008-08-13;868.81
2008-08-12;894
2008-08-11;900.26
2008-08-08;885.01
2008-08-07;881.35
2008-08-06;886.52
2008-08-05;876.59
2008-08-04;847.15
2008-08-01;854.68
2008-07-31;867.44
2008-07-30;865.95
2008-07-29;851.63
2008-07-28;850.31
2008-07-25;858.29
2008-07-24;857.33
2008-07-23;880.57
2008-07-22;863.47
2008-07-21;886.62
2008-07-18;881.02
2008-07-17;858.4
2008-07-16;826.83
2008-07-15;814.99
2008-07-14;826.59
2008-07-11;813.6
2008-07-10;833.58
2008-07-09;851.44
2008-07-08;836.38
2008-07-07;853.14
2008-07-04;839.92
2008-07-03;851.58
2008-07-02;849.5
2008-07-01;841.07
2008-06-30;857.65
2008-06-27;862.65
2008-06-26;880.56
2008-06-25;910.64
2008-06-24;897.72
2008-06-23;914.4
2008-06-19;932.82
2008-06-18;941.62
2008-06-17;956.9
2008-06-16;947.49
2008-06-13;947.58
2008-06-12;947.47
2008-06-11;934.86
2008-06-10;951.47
2008-06-09;957.83
2008-06-06;981.15
2008-06-05;981.15
2008-06-04;983.51
2008-06-03;997.86
2008-06-02;995.59
2008-05-30;1004.9
2008-05-29;1001.83
2008-05-28;1002.83
2008-05-27;993
2008-05-26;997.56
2008-05-23;994.23
2008-05-22;1017.2
2008-05-21;1004.36
2008-05-20;1011.62
2008-05-19;1036.86
2008-05-16;1023.18
2008-05-15;1018.13
2008-05-14;1012.86
2008-05-13;1011.86
2008-05-12;1008.3
2008-05-09;1003.51
2008-05-08;1019.67
2008-05-07;1020.05
2008-05-06;1006.73
2008-05-05;1009.33
2008-05-02;1008.2
2008-04-30;986.06
2008-04-29;990.72
2008-04-28;1005.31
2008-04-25;998.83
2008-04-24;966.99
2008-04-23;976.52
2008-04-22;962.35
2008-04-21;969.19
2008-04-18;981.44
2008-04-17;963.79
2008-04-16;978.03
2008-04-15;950.19
2008-04-14;948.4
2008-04-11;956.52
2008-04-10;969.89
2008-04-09;978.5
2008-04-08;981.09
2008-04-07;993.34
2008-04-04;979.57
2008-04-03;987.5
2008-04-02;996.91
2008-04-01;981.23
2008-03-31;952.13
2008-03-28;951.71
2008-03-27;952.99
2008-03-26;931.87
2008-03-25;932.09
2008-03-20;894.78
2008-03-19;905.64
2008-03-18;914.55
2008-03-14;924.22
2008-03-13;936.52
2008-03-12;947.79
2008-03-11;929.63
2008-03-10;914.68
2008-03-07;925.54
2008-03-06;938.07
2008-03-05;950.25
2008-03-04;931.71
2008-03-03;954.22
2008-02-29;965.29
2008-02-28;971.08
2008-02-27;986.3
2008-02-26;980.1
2008-02-25;961.88
2008-02-22;944.13
2008-02-21;959.79
2008-02-20;954.53
2008-02-19;967.42
2008-02-18;962.13
2008-02-15;938.79
2008-02-14;950.84
2008-02-13;949.05
2008-02-12;945.41
2008-02-11;911.39
2008-02-08;920.76
2008-02-07;925.87
2008-02-06;951.84
2008-02-05;945.63
2008-02-04;976.46
2008-02-01;976.43
2008-01-31;949.04
2008-01-30;951.14
2008-01-29;956.97
2008-01-28;949.08
2008-01-25;961.69
2008-01-24;958.55
2008-01-23;921.28
2008-01-22;955.93
2008-01-21;917.75
2008-01-18;957.63
2008-01-17;966.29
2008-01-16;965.63
2008-01-15;972.15
2008-01-14;1008
2008-01-11;987.94
2008-01-10;989.7
2008-01-09;1003.69
2008-01-08;1024.42
2008-01-07;1011.49
2008-01-04;1014.63
2008-01-03;1050.61
2008-01-02;1058.37
2007-12-28;1081.44
2007-12-27;1073.66
2007-12-21;1078.93
2007-12-20;1059.99
2007-12-19;1064.47
2007-12-18;1064.62
2007-12-17;1067.85
2007-12-14;1097.69
2007-12-13;1102.12
2007-12-12;1129.88
2007-12-11;1131.58
2007-12-10;1130.9
2007-12-07;1119.7
2007-12-06;1105.23
2007-12-05;1101.87
2007-12-04;1081.22
2007-12-03;1102.39
2007-11-30;1106.71
2007-11-29;1099.11
2007-11-28;1094.36
2007-11-27;1058.63
2007-11-26;1062.65
2007-11-23;1055.93
2007-11-22;1053.64
2007-11-21;1059.08
2007-11-20;1076.95
2007-11-19;1065.74
2007-11-16;1096.69
2007-11-15;1102.59
2007-11-14;1121.57
2007-11-13;1120.29
2007-11-12;1126
2007-11-09;1115.09
2007-11-08;1145.49
2007-11-07;1150.38
2007-11-06;1163.21
2007-11-05;1157.55
2007-11-02;1153.22
2007-11-01;1168.49
2007-10-31;1183.2
2007-10-30;1170.35
2007-10-29;1176.62
2007-10-26;1173.31
2007-10-25;1172.48
2007-10-24;1158.83
2007-10-23;1175.39
2007-10-22;1145.87
2007-10-19;1169.69
2007-10-18;1187.36
2007-10-17;1206.86
2007-10-16;1203.95
2007-10-15;1249.65
2007-10-12;1260.3
2007-10-11;1267.7
2007-10-10;1260.4
2007-10-09;1258.59
2007-10-08;1251.79
2007-10-05;1257.7
2007-10-04;1243.64
2007-10-03;1241.77
2007-10-02;1235.87
2007-10-01;1229.3
2007-09-28;1221.54
2007-09-27;1217.24
2007-09-26;1196.66
2007-09-25;1184.49
2007-09-24;1198.5
2007-09-21;1212.54
2007-09-20;1208.32
2007-09-19;1221.77
2007-09-18;1178.97
2007-09-17;1160.75
2007-09-14;1179.76
2007-09-13;1196.63
2007-09-12;1180.6
2007-09-11;1172.42
2007-09-10;1147.2
2007-09-07;1159.95
2007-09-06;1190.67
2007-09-05;1197.64
2007-09-04;1226.08
2007-09-03;1222.31
2007-08-31;1213.24
2007-08-30;1201.1
2007-08-29;1187.27
2007-08-28;1170.89
2007-08-27;1200.75
2007-08-24;1209.81
2007-08-23;1197.82
2007-08-22;1191.99
2007-08-21;1170.25
2007-08-20;1176.22
2007-08-17;1163.21
2007-08-16;1145.43
2007-08-15;1183.45
2007-08-14;1193.77
2007-08-13;1205.45
2007-08-10;1170.08
2007-08-09;1209.93
2007-08-08;1243.49
2007-08-07;1216.57
2007-08-06;1203.84
2007-08-03;1220.76
2007-08-02;1235.86
2007-08-01;1221.08
2007-07-31;1243.87
2007-07-30;1228.39
2007-07-27;1215.46
2007-07-26;1212.34
2007-07-25;1255.25
2007-07-24;1274.9
2007-07-23;1293.17
2007-07-20;1283.17
2007-07-19;1302.96
2007-07-18;1291.75
2007-07-17;1300.28
2007-07-16;1311.87
2007-07-13;1308.76
2007-07-12;1307.3
2007-07-11;1284.58
2007-07-10;1284.98
2007-07-09;1293.25
2007-07-06;1278.38
2007-07-05;1274.07
2007-07-04;1279.49
2007-07-03;1274.49
2007-07-02;1254.49
2007-06-29;1254.86
2007-06-28;1257.94
2007-06-27;1241.22
2007-06-26;1244.47
2007-06-25;1250.16
2007-06-21;1252.88
2007-06-20;1278.52
2007-06-19;1276.61
2007-06-18;1288.09
2007-06-15;1276.03
2007-06-14;1267.73
2007-06-13;1244.43
2007-06-12;1237.4
2007-06-11;1249.7
2007-06-08;1238.91
2007-06-07;1232.8
2007-06-05;1281.04
2007-06-04;1284.82
2007-06-01;1292.02
2007-05-31;1276.32
2007-05-30;1261.27
2007-05-29;1271.01
2007-05-28;1275.09
2007-05-25;1269.04
2007-05-24;1273.09
2007-05-23;1279.17
2007-05-22;1255.49
2007-05-21;1263.3
2007-05-18;1269.46
2007-05-16;1259.27
2007-05-15;1257.6
2007-05-14;1254.45
2007-05-11;1240.39
2007-05-10;1221.69
2007-05-09;1239.7
2007-05-08;1240.59
2007-05-07;1272.62
2007-05-04;1264.19
2007-05-03;1256.75
2007-05-02;1267.79
2007-04-30;1273.83
2007-04-27;1264.61
2007-04-26;1274.8
2007-04-25;1264.73
2007-04-24;1260.99
2007-04-23;1278.43
2007-04-20;1282.18
2007-04-19;1267.38
2007-04-18;1271.75
2007-04-17;1278.27
2007-04-16;1277.64
2007-04-13;1263.53
2007-04-12;1253.21
2007-04-11;1249.19
2007-04-10;1255.73
2007-04-05;1242.18
2007-04-04;1241.43
2007-04-03;1245.57
2007-04-02;1225.98
2007-03-30;1214.41
2007-03-29;1214.28
2007-03-28;1201.14
2007-03-27;1214.63
2007-03-26;1206.26
2007-03-23;1221.85
2007-03-22;1223.57
2007-03-21;1204.67
2007-03-20;1196.26
2007-03-19;1188.73
2007-03-16;1166.98
2007-03-15;1166.73
2007-03-14;1136.83
2007-03-13;1175.75
2007-03-12;1191.53
2007-03-09;1188.88
2007-03-08;1187.24
2007-03-07;1164.44
2007-03-06;1148.57
2007-03-05;1147.93
2007-03-02;1159.55
2007-03-01;1151.18
2007-02-28;1157.84
2007-02-27;1183.07
2007-02-26;1229.65
2007-02-23;1218.32
2007-02-22;1207.73
2007-02-21;1207.26
2007-02-20;1211.47
2007-02-19;1221.45
2007-02-16;1215.04
2007-02-15;1220.37
2007-02-14;1212.24
2007-02-13;1190.1
2007-02-12;1187.12
2007-02-09;1201.15
2007-02-08;1193.62
2007-02-07;1206.02
2007-02-06;1201.03
2007-02-05;1192.64
2007-02-02;1187.09
2007-02-01;1191.71
2007-01-31;1185.98
2007-01-30;1190.26
2007-01-29;1178.88
2007-01-26;1177.35
2007-01-25;1185.82
2007-01-24;1177.89
2007-01-23;1175.13
2007-01-22;1181.35
2007-01-19;1180.57
2007-01-18;1173.59
2007-01-17;1175.9
2007-01-16;1170.63
2007-01-15;1173.87
2007-01-12;1159.46
2007-01-11;1160.04
2007-01-10;1133.05
2007-01-09;1143.09
2007-01-08;1144.48
2007-01-05;1147.22
2007-01-04;1149.58
2007-01-03;1158.38
2007-01-02;1164.12
2006-12-29;1147.27
2006-12-28;1150.07
2006-12-27;1150.25
2006-12-22;1141.49
2006-12-21;1138.45
2006-12-20;1136.45
2006-12-19;1126.55
2006-12-18;1138.82
2006-12-15;1139.05
2006-12-14;1128.93
2006-12-13;1128.69
2006-12-12;1130.03
2006-12-11;1111.59
2006-12-08;1095.93
2006-12-07;1096.19
2006-12-06;1086.48
2006-12-05;1089.62
2006-12-04;1074.67
2006-12-01;1059.84
2006-11-30;1068.07
2006-11-29;1085.14
2006-11-28;1061.87
2006-11-27;1058.07
2006-11-24;1089.75
2006-11-23;1108.65
2006-11-22;1107.53
2006-11-21;1109.55
2006-11-20;1106.54
2006-11-17;1098.82
2006-11-16;1112.24
2006-11-15;1117.95
2006-11-14;1103.27
2006-11-13;1106.59
2006-11-10;1099.37
2006-11-09;1107.17
2006-11-08;1107.58
2006-11-07;1108.71
2006-11-06;1102.86
2006-11-03;1084.86
2006-11-02;1084.96
2006-11-01;1094.91
2006-10-31;1085.56
2006-10-30;1082.87
2006-10-27;1088.3
2006-10-26;1094.62
2006-10-25;1099.81
2006-10-24;1097.79
2006-10-23;1099.16
2006-10-20;1094.22
2006-10-19;1089.89
2006-10-18;1091.28
2006-10-17;1077.5
2006-10-16;1093.3
2006-10-13;1092.12
2006-10-12;1097.27
2006-10-11;1080.17
2006-10-10;1071.3
2006-10-09;1066.93
2006-10-06;1059.82
2006-10-05;1060.34
2006-10-04;1046.87
2006-10-03;1034.15
2006-10-02;1043.36
2006-09-29;1039.34
2006-09-28;1038.7
2006-09-27;1040.65
2006-09-26;1025.2
2006-09-25;1017.35
2006-09-22;1028.69
2006-09-21;1041.08
2006-09-20;1039.97
2006-09-19;1026.69
2006-09-18;1032.11
2006-09-15;1025.47
2006-09-14;1027.87
2006-09-13;1022.14
2006-09-12;1011.69
2006-09-11;993.11
2006-09-08;999.08
2006-09-07;989.53
2006-09-06;1001.94
2006-09-05;1008.25
2006-09-04;1011.58
2006-09-01;997.57
2006-08-31;994.16
2006-08-30;993.9
2006-08-29;985.46
2006-08-28;978.3
2006-08-25;972.59
2006-08-24;971.78
2006-08-23;972.19
2006-08-22;982.92
2006-08-21;977.69
2006-08-18;978.15
2006-08-17;979.85
2006-08-16;967.99
2006-08-15;959.33
2006-08-14;945.37
2006-08-11;937.13
2006-08-10;932.94
2006-08-09;941.06
2006-08-08;932.75
2006-08-07;932.1
2006-08-04;944.97
2006-08-03;938.38
2006-08-02;942.21
2006-08-01;932.04
2006-07-31;946.26
2006-07-28;955.05
2006-07-27;951.98
2006-07-26;944.62
2006-07-25;928.69
2006-07-24;931.96
2006-07-21;914.6
2006-07-20;928.55
2006-07-19;929.54
2006-07-18;893.57
2006-07-17;899.35
2006-07-14;906.05
2006-07-13;921.49
2006-07-12;937.87
2006-07-11;939.37
2006-07-10;954.1
2006-07-07;949.62
2006-07-06;960.57
2006-07-05;952.44
2006-07-04;965.42
2006-07-03;961.24
2006-06-30;956.49
2006-06-29;942.52
2006-06-28;917.17
2006-06-27;915.98
2006-06-26;928.56
2006-06-22;928.72
2006-06-21;925.23
2006-06-20;919.12
2006-06-19;920.86
2006-06-16;909.79
2006-06-15;924.8
2006-06-14;899.72
2006-06-13;878.16
2006-06-12;902.16
2006-06-09;917.5
2006-06-08;892.33
2006-06-07;932.79
2006-06-05;951.29
2006-06-02;954.69
2006-06-01;962.29
2006-05-31;948.05
2006-05-30;937.47
2006-05-29;971.17
2006-05-26;972.79
2006-05-24;933.27
2006-05-23;956.05
2006-05-22;906.25
2006-05-19;951.59
2006-05-18;950.08
2006-05-17;958.19
2006-05-16;1001.63
2006-05-15;997.35
2006-05-12;1013.69
2006-05-11;1043.4
2006-05-10;1047.24
2006-05-09;1054.12
2006-05-08;1053.76
2006-05-05;1055.45
2006-05-04;1045.66
2006-05-03;1041.1
2006-05-02;1045.92
2006-04-28;1036.87
2006-04-27;1050.03
2006-04-26;1054.06
2006-04-25;1052.99
2006-04-24;1054.49
2006-04-21;1062.79
2006-04-20;1064.9
2006-04-19;1061.41
2006-04-18;1049.68
2006-04-13;1052.03
2006-04-12;1049.55
2006-04-11;1046.21
2006-04-10;1059.14
2006-04-07;1055.71
2006-04-06;1060.67
2006-04-05;1071.43
2006-04-04;1066.14
2006-04-03;1076.5
2006-03-31;1059.94
2006-03-30;1069.34
2006-03-29;1059.93
2006-03-28;1052.67
2006-03-27;1056.92
2006-03-24;1063.74
2006-03-23;1054.54
2006-03-22;1047.12
2006-03-21;1045.12
2006-03-20;1041.37
2006-03-17;1034.06
2006-03-16;1030.2
2006-03-15;1024.44
2006-03-14;1017.71
2006-03-13;1018.36
2006-03-10;1009.43
2006-03-09;1007.76
2006-03-08;997.44
2006-03-07;1006.28
2006-03-06;1014.78
2006-03-03;1010.05
2006-03-02;1005.82
2006-03-01;1006
2006-02-28;995.01
2006-02-27;1015.71
2006-02-24;1010.74
2006-02-23;1001.66
2006-02-22;1001.06
2006-02-21;993.51
2006-02-20;985.77
2006-02-17;982.89
2006-02-16;983.58
2006-02-15;976.12
2006-02-14;977.83
2006-02-13;973.37
2006-02-10;968.57
2006-02-09;977.4
2006-02-08;965.81
2006-02-07;961.71
2006-02-06;968.45
2006-02-03;963.14
2006-02-02;969.68
2006-02-01;968.9
2006-01-31;961.98
2006-01-30;958.99
2006-01-27;959.35
2006-01-26;946.16
2006-01-25;938.88
2006-01-24;929.22
2006-01-23;935.14
2006-01-20;935.87
2006-01-19;943.44
2006-01-18;941.61
2006-01-17;960.77
2006-01-16;971.64
2006-01-13;967.26
2006-01-12;976.02
2006-01-11;979.78
2006-01-10;975.42
2006-01-09;982.63
2006-01-05;972.89
2006-01-04;973.61
2006-01-03;967.6
2006-01-02;963.39
2005-12-30;960.01
2005-12-29;966.74
2005-12-28;961.12
2005-12-27;964.64
2005-12-23;958.44
2005-12-22;951.31
2005-12-21;949.27
2005-12-20;943.73
2005-12-19;943.72
2005-12-16;943.57
2005-12-15;934.79
2005-12-14;937.12
2005-12-13;942.78
2005-12-12;940.29
2005-12-09;943.16
2005-12-08;943.05
2005-12-07;936.78
2005-12-06;936.08
2005-12-05;926.98
2005-12-02;933.69
2005-12-01;927.16
2005-11-30;911.16
2005-11-29;919.32
2005-11-28;921.8
2005-11-25;919.65
2005-11-24;917.62
2005-11-23;921.71
2005-11-22;916.84
2005-11-21;922.74
2005-11-18;918.98
2005-11-17;914.41
2005-11-16;912.46
2005-11-15;911.53
2005-11-14;914.3
2005-11-11;914.1
2005-11-10;900.64
2005-11-09;900.97
2005-11-08;899.28
2005-11-07;901.61
2005-11-04;896.62
2005-11-03;898.24
2005-11-02;888.65
2005-11-01;885.81
2005-10-31;882.63
2005-10-28;862.66
2005-10-27;862.86
2005-10-26;872.91
2005-10-25;870.78
2005-10-24;863.5
2005-10-21;854.6
2005-10-20;858.7
2005-10-19;856.5
2005-10-18;870.06
2005-10-17;872.89
2005-10-14;876.33
2005-10-13;873.94
2005-10-12;882.77
2005-10-11;892.51
2005-10-10;892.06
2005-10-07;888.13
2005-10-06;889.51
2005-10-05;898.5
2005-10-04;902.79
2005-10-03;905.38
2005-09-30;896.29
2005-09-29;890.99
2005-09-28;890.36
2005-09-27;882.77
2005-09-26;882.83
2005-09-23;870.03
2005-09-22;867.9
2005-09-21;864.05
2005-09-20;872.68
2005-09-19;872.39
2005-09-16;872.43
2005-09-15;869.44
2005-09-14;873.03
2005-09-13;869.2
2005-09-12;869.58
2005-09-09;868.93
2005-09-08;860.78
2005-09-07;863.54
2005-09-06;860.39
2005-09-05;856.21
2005-09-02;853.67
2005-09-01;851.89
2005-08-31;849.51
2005-08-30;838.33
2005-08-29;841.07
2005-08-26;833.86
2005-08-25;839.94
2005-08-24;849.47
2005-08-23;859.25
2005-08-22;866.94
2005-08-19;866.47
2005-08-18;861.41
2005-08-17;861.34
2005-08-16;865.51
2005-08-15;867.3
2005-08-12;866.86
2005-08-11;870.16
2005-08-10;874.86
2005-08-09;863.67
2005-08-08;861
2005-08-05;860.88
2005-08-04;863.53
2005-08-03;869.22
2005-08-02;870.87
2005-08-01;862.97
2005-07-29;863.84
2005-07-28;863.8
2005-07-27;861.49
2005-07-26;854.52
2005-07-25;852.41
2005-07-22;852.52
2005-07-21;852.79
2005-07-20;846.8
2005-07-19;852.5
2005-07-18;849.75
2005-07-15;848.46
2005-07-14;849.89
2005-07-13;850.15
2005-07-12;843.81
2005-07-11;845.63
2005-07-08;832.23
2005-07-07;818.54
2005-07-06;831.58
2005-07-05;830.03
2005-07-04;832.34
2005-07-01;830.15
2005-06-30;822.49
2005-06-29;821.26
2005-06-28;814.28
2005-06-27;809.91
2005-06-23;828.23
2005-06-22;818.93
2005-06-21;818.37
2005-06-20;811.85
2005-06-17;808.62
2005-06-16;809.8
2005-06-15;804.45
2005-06-14;807.62
2005-06-13;801.17
2005-06-10;799.59
2005-06-09;794.6
2005-06-08;796.64
2005-06-07;793.48
2005-06-03;787.58
2005-06-02;789.97
2005-06-01;795.58
2005-05-31;792.39
2005-05-30;793.8
2005-05-27;790.72
2005-05-26;790.13
2005-05-25;783.17
2005-05-24;784.64
2005-05-23;784.34
2005-05-20;784.58
2005-05-19;785.11
2005-05-18;781.66
2005-05-17;776.08
2005-05-16;774.92
2005-05-13;775.2
2005-05-12;770.4
2005-05-11;762.13
2005-05-10;765.45
2005-05-09;768.8
2005-05-06;766.25
2005-05-04;756.54
2005-05-03;757.64
2005-05-02;754.79
2005-04-29;749.54
2005-04-28;748.24
2005-04-27;757.05
2005-04-26;780.32
2005-04-25;786.16
2005-04-22;785.96
2005-04-21;775.28
2005-04-20;773.1
2005-04-19;773.9
2005-04-18;772.86
2005-04-15;784.29
2005-04-14;796.37
2005-04-13;791.83
2005-04-12;787.77
2005-04-11;792.3
2005-04-08;791.09
2005-04-07;788.29
2005-04-06;789.39
2005-04-05;784.13
2005-04-04;775.46
2005-04-01;778.64
2005-03-31;770.39
2005-03-30;769.49
2005-03-29;771.08
2005-03-24;770.48
2005-03-23;769.11
2005-03-22;766.32
2005-03-21;760.17
2005-03-18;764.26
2005-03-17;766.6
2005-03-16;765.43
2005-03-15;778.35
2005-03-14;773.37
2005-03-11;771.22
2005-03-10;766.64
2005-03-09;775.63
2005-03-08;775.78
2005-03-07;780.47
2005-03-04;784.17
2005-03-03;775.55
2005-03-02;776.54
2005-03-01;772.09
2005-02-28;769.97
2005-02-25;769.89
2005-02-24;761.61
2005-02-23;759.16
2005-02-22;758.64
2005-02-21;760.86
2005-02-18;758.02
2005-02-17;764.11
2005-02-16;764.56
2005-02-15;770.4
2005-02-14;765.38
2005-02-11;766.82
2005-02-10;755.63
2005-02-09;769.05
2005-02-08;762.98
2005-02-07;765.69
2005-02-04;755.57
2005-02-03;750.12
2005-02-02;754.04
2005-02-01;750.06
2005-01-31;741.5
2005-01-28;735.32
2005-01-27;741.92
2005-01-26;736.73
2005-01-25;736.19
2005-01-24;727.56
2005-01-21;735.1
2005-01-20;736.87
2005-01-19;746.09
2005-01-18;746.16
2005-01-17;747.73
2005-01-14;742.63
2005-01-13;737.36
2005-01-12;734.31
2005-01-11;747.8
2005-01-10;757.45
2005-01-07;748.02
2005-01-06;745.23
2005-01-05;745.23
2005-01-04;753.56
2005-01-03;747.76
